순번/순위,구분,상품명,ItemId,ISBN13,부가기호,저자/아티스트,출판사/제작사,출간일,정가,판매가,마일리지,세일즈포인트,대표분류(대분류명)
"1","여행","일본 현지 맛집 체인 대백과","352784397","9791194374091","13590","일본 추억의 대백과 시리즈 편집부 지음, 김정원 옮김","클","20241129","18,000","16,200","900점","1920","여행"
"2","여행","디스 이즈 도쿄 This Is Tokyo","332769340","9791192767116","13980","박설희.김민정 지음","TERRA(테라출판사)","20240201","19,800","17,820","990점","11776","여행"
"3","여행","에이든 국내여행 가이드북 (2024-2025 개정증보2판)","329156594","9791190073349","","타블라라사 편집부 외 지음","타블라라사","20231216","26,500","23,850","1,320점","15085","여행"
"4","여행","여행하는 일본사","349748119","9791192169415","03910","구완회 지음","따비","20241025","25,000","22,500","1,250점","6490","역사"
"5","여행","리얼 후쿠오카","343584805","9791193080382","14980","원경혜 지음","한빛라이프","20240729","17,000","15,300","850점","4858","여행"
"6","여행","디자인이 한눈에 보이는 책방도감","348204903","9791193217702","03650","건축지식 편집부 지음, 정지영 옮김","현익출판","20240927","23,000","20,700","1,150점","6470","예술/대중문화"
"7","여행","여행의 이유 (개정증보판)","337633173","9791191114591","03810","김영하 지음","복복서가","20240417","16,800","15,120","840점","16446","에세이"
"8","여행","디스 이즈 오사카 This Is Osaka","332890184","9791192767123","13980","호밀씨 지음","TERRA(테라출판사)","20240205","19,800","17,820","990점","8702","여행"
"9","여행","디스 이즈 이탈리아 This is Italia","336002265","9791192767154","13980","전혜진.윤도영.박기남 지음","TERRA(테라출판사)","20240315","21,000","18,900","1,050점","5898","여행"
"10","여행","도쿄 스페셜티 커피 트립","352304779","9788993461701","03810","이한오 지음","아이비라인","20241106","18,000","16,200","900점","1500","여행"
"11","여행","여기 가려고 주말을 기다렸어 : 원데이 코스","350864800","9791194033349","13980","주말토리 지음","빅피시","20241113","22,000","19,800","1,100점","2350","여행"
"12","여행","이병원 교수의 지중해 아드리아해 여행 스케치","345453298","9791197213458","03980","이병원 지음","담아내기","20240823","17,000","15,300","850점","1780","여행"
"13","여행","리얼 오사카","352545059","9791193080436","14980","황성민.정현미 지음","한빛라이프","20241121","19,000","17,100","950점","960","여행"
"14","여행","디스 이즈 싱가포르 This Is Singapore","337618023","9791192767178","13980","이광훈 지음","TERRA(테라출판사)","20240410","19,800","17,820","990점","4038","여행"
"15","여행","리얼 스페인 2025~2026","352233100","9791193080429","14980","성혜선 지음","한빛라이프","20241115","20,000","18,000","1,000점","1400","여행"
"16","여행","리얼 도쿄","334664928","9791193080252","14980","양미석 지음","한빛라이프","20240226","21,000","18,900","1,050점","3499","여행"
"17","여행","무작정 따라하기 홍콩","345020404","9791140714209","13980","김승남.원정아.김수정 지음","길벗","20240828","19,000","17,100","950점","2740","여행"
"18","여행","장래희망은, 귀여운 할머니 (5주년 에디션, 확장판, 양장)","330122799","9791191905595","03810","하정 지음","좋은여름","20240101","28,000","25,200","1,400점","2562","에세이"
"19","여행","프렌즈 홋카이도 : 삿포로.오타루.하코다테.후라노.비에이.토마무","352775076","9788927880691","14980","정꽃나래.정꽃보라 지음","중앙books(중앙북스)","20241209","19,500","17,550","970점","820","여행"
"20","여행","디스 이즈 스페인 This is Spain","339197350","9791192767192","13980","전혜진 지음","TERRA(테라출판사)","20240510","21,000","18,900","1,050점","4411","여행"
"21","여행","프렌즈 후쿠오카 : 유후인.벳부.키타큐슈","333319146","9788927880240","14980","정꽃나래.정꽃보라 지음","중앙books(중앙북스)","20240212","17,000","15,300","850점","4051","여행"
"22","여행","에이든 도쿄 여행지도 2024-2025","340701866","9791190073547","13980","타블라라사 편집부 외 지음","타블라라사","20240601","19,800","17,820","990점","3922","여행"
"23","여행","리얼 포르투갈","320435768","9791193080160","14980","우지경 지음","한빛라이프","20240102","19,000","17,100","950점","2589","여행"
"24","여행","천 개의 베개","349178728","9791194294016","03810","노동효 지음","나무발전소","20241001","19,800","17,820","990점","2110","여행"
"25","여행","우리들의 후쿠오카 여행","350099301","9791197880490","14980","양미석 지음","노트앤노트","20241101","14,000","12,600","700점","1860","여행"
"26","여행","내 손으로, 시베리아 횡단열차","342389593","9791192768236","03810","이다 지음","미술문화","20240724","26,000","23,400","1,300점","10702","여행"
"27","여행","유럽 예약","260561502","9788968332913","03810","청춘유리 지음","허밍버드","20210112","4,800","4,320","240점","8615","여행"
"28","여행","죽기 전에 꼭 가봐야 할 인생 여행지","343606475","9791191994292","03910","킴스트래블 지음","용감한까치","20240730","28,500","25,650","1,420점","5173","여행"
"29","여행","우리들의 발리 여행","341765440","9791197880469","14980","임현지 지음","노트앤노트","20240710","19,800","17,820","990점","2675","여행"
"30","여행","프렌즈 다낭 : 호이안·후에","340534314","9788927880431","14980","안진헌 지음","중앙books(중앙북스)","20240610","18,000","16,200","900점","1989","여행"
"31","여행","에이든 이탈리아 중북부 여행지도 2025-2026 : 베네치아, 피렌체, 밀라노, 베로나, 친퀘테레, 볼로냐, 피사, 제노아,토리노, 시에나, 아시시","352656942","9791190073585","13980","타블라라사 편집부.이정기 지음","타블라라사","20241001","19,800","17,820","990점","580","여행"
"32","여행","도쿄 호텔 도감","347731863","9791155817612","03980","엔도 케이 지음, 서하나 옮김","윌북","20240930","19,800","17,820","990점","6050","에세이"
"33","여행","프렌즈 오사카 : 교토.고베.나라.와카야마","345932413","9788927880592","14980","정꽃나래.정꽃보라 지음","중앙books(중앙북스)","20240909","19,800","17,820","990점","2955","여행"
"34","여행","디스 이즈 미국 서부 This Is Western USA","333977671","9791192767130","13980","제이민.민고은 지음","TERRA(테라출판사)","20240215","23,000","20,700","1,150점","2623","여행"
"35","여행","리얼 다낭","348141668","9791193080405","14980","배나영 지음","한빛라이프","20241004","18,500","16,650","920점","1110","여행"
"36","여행","프렌즈 스페인· 포르투갈 : 마드리드· 바르셀로나· 리스본","327621624","9788927880059","14980","박현숙 지음","중앙books(중앙북스)","20231110","20,000","18,000","1,000점","4092","여행"
"37","여행","무작정 따라하기 도쿄","338045323","9791140709144","13980","정숙영 지음","길벗","20240419","19,800","17,820","990점","3922","여행"
"38","여행","에이든 홍콩 여행지도","333640341","9791190073318","13980","타블라라사 편집부.이정기 지음","타블라라사","20240206","19,800","17,820","990점","3258","여행"
"39","여행","여행의 기록","350903511","9791191587739","03320","안예진 지음","퍼블리온","20241111","19,000","17,100","950점","2490","자기계발"
"40","여행","치앙마이 홀리데이","343316603","9791167621047","14980","박애진 지음, 유정열 사진","꿈의지도","20240805","18,000","16,200","900점","2000","여행"
"41","여행","팔로우 동유럽","338195867","9791198269492","14980","이주은.박주미 지음","트래블라이크","20240426","20,500","18,450","1,020점","1978","여행"
"42","여행","에이든 아이와 국내여행 가이드북","348125706","9791190073653","13980","타블라라사 편집부.이정기 지음","타블라라사","20241001","24,000","21,600","1,200점","1835","여행"
"43","여행","아는데 모르는 나라, 일본","321307804","9791192169279","03910","박탄호 지음","따비","20230730","20,000","18,000","1,000점","5880","역사"
"44","여행","일본 현지 간식 대백과","335267251","9791192512693","13590","일본 추억의 대백과 시리즈 편집부 지음, 수키 옮김","클","20240320","18,000","16,200","900점","5455","여행"
"45","여행","디스 이즈 홋카이도 This is Hokkaido","338459676","9791192767185","13980","권예나.김민정 지음","TERRA(테라출판사)","20240426","19,800","17,820","990점","4321","여행"
"46","여행","디스 이즈 타이완 This Is Taiwan","336859820","9791192767161","13980","신서희 지음","TERRA(테라출판사)","20240402","21,000","18,900","1,050점","3904","여행"
"47","여행","프렌즈 튀르키예(터키)","341523753","9788927880462","14980","주종원.채미정 지음","중앙books(중앙북스)","20240621","28,500","25,650","1,420점","2429","여행"
"48","여행","포르투갈 셀프 트래블","327518338","9791167821737","","송윤경 지음","상상출판","20231101","18,000","16,200","900점","2334","여행"
"49","여행","틈틈이 도쿄","346799500","9791187096139","13910","조인숙 지음","버튼티","20240830","16,500","14,850","820점","2290","여행"
"50","여행","호주 셀프트래블","340770485","9791167821997","14980","앨리스 리.조윤희 지음","상상출판","20240603","19,500","17,550","970점","2215","여행"
"51","여행","좀 쉬었다 올게요","345885572","9791192512945","13980","유승혜(돼지보스) 지음","클","20240830","20,000","18,000","1,000점","1895","여행"
"52","여행","일상이 고고학, 나 혼자 수원화성 여행","350693027","9791192753348","03910","황윤 지음","책읽는고양이","20241114","21,900","19,710","1,090점","1430","역사"
"53","여행","인조이 말레이시아","337393785","9791166838392","13980","강석균 지음","넥서스BOOKS","20240415","25,000","22,500","1,250점","1289","여행"
"54","여행","오늘도 여행처럼 살기로 했다","342422846","9791193584545","03810","박재신(시니플) 지음","포르체","20240717","25,000","22,500","1,250점","6293","여행"
"55","여행","여행자를 위한 교토 답사기","324567333","9788936479435","03810","유홍준 지음","창비","20230922","22,000","19,800","1,100점","5061","인문학"
"56","여행","장래희망은, 귀여운 할머니","336692270","9791191905687","03810","하정 지음","좋은여름","20190518","20,000","18,000","1,000점","3117","에세이"
"57","여행","무작정 따라하기 홋카이도 (삿포로·오타루·비에이·후라노·하코다테)","336586744","9791140708826","13980","홍수연.홍연주 지음","길벗","20240328","18,500","16,650","920점","3002","여행"
"58","여행","프렌즈 런던","340750994","9788927880448","14980","이주은.한세라.이정복 지음","중앙books(중앙북스)","20240607","22,000","19,800","1,100점","2528","여행"
"59","여행","이탈리아 자동차 여행","324176437","9791167620644","","이정운.김기현 지음","꿈의지도","20230915","19,000","17,100","950점","2181","여행"
"60","여행","리얼 교토","338424940","9791193080306","14980","황성민.정현미 지음","한빛라이프","20240426","18,000","16,200","900점","2058","여행"
"61","여행","인조이 이집트","326934524","9791166836404","13980","양신혜 지음","넥서스BOOKS","20231025","16,700","15,030","830점","2021","여행"
"62","여행","푸꾸옥·나트랑 셀프트래블","341653970","9791167822017","14980","정승원 지음","상상출판","20240626","17,500","15,750","870점","1923","여행"
"63","여행","프렌즈 이탈리아","343610953","9788927880509","14980","황현희 지음","중앙books(중앙북스)","20240805","21,000","18,900","1,050점","1625","여행"
"64","여행","런던 셀프 트래블","349193746","9791167822093","14980","박정은 지음","상상출판","20241014","18,500","16,650","920점","1025","여행"
"65","여행","맛있는 여행 일본어","349372427","9791161480848","13730","문선희.오노야마 하루카 지음","맛있는Books(JRC북스)","20241015","14,000","12,600","700점","995","외국어"
"66","여행","프렌즈 오키나와","351472012","9788927880684","14980","이주영 지음","중앙books(중앙북스)","20241115","17,000","15,300","850점","990","여행"
"67","여행","에이든 바르셀로나 여행지도 2025-2026","345473897","9791190073592","13980","타블라라사 편집부.이정기 지음","타블라라사","20241001","19,800","17,820","990점","925","여행"
"68","여행","대한민국을 걷다","352240459","9791198932006","13980","권다현 외 지음","한국의길과문화","20241111","20,000","18,000","1,000점","850","여행"
"69","여행","팔로우 타이베이","352368301","9791198727251","14980","장은정 지음","트래블라이크","20241122","18,000","16,200","900점","350","여행"
"70","여행","일본 현지 빵 대백과","314869239","9791192512259","13590","타쓰미출판 편집부 지음, 수키 옮김","클","20230417","18,000","16,200","900점","10235","여행"
"71","여행","일본 현지 아이스크림 대백과","328972803","9791192512624","13590","아이스맨 후쿠토메 지음, 김정원 옮김","클","20231120","18,000","16,200","900점","6075","여행"
"72","여행","나를 부르는 숲","129567728","9788972916529","03840","빌 브라이슨 지음, 홍은택 옮김","까치","20180108","15,000","13,500","750점","6001","에세이"
"73","여행","나의 미국 인문 기행","330857996","9791192908878","03800","서경식 지음, 최재혁 옮김","반비","20240119","18,000","16,200","900점","5987","인문학"
"74","여행","완전 (망)한 여행","343514803","9791167822048","03810","허휘수.서솔 지음","상상출판","20240725","18,000","16,200","900점","5040","에세이"
"75","여행","지금은, 일본 소도시 여행","335257848","9791140708666","13980","두경아 지음","길벗","20240315","22,000","19,800","1,100점","4377","여행"
"76","여행","디스 이즈 스위스 This is Switzerland","336002874","9791192767147","13980","심상은 지음","TERRA(테라출판사)","20240315","21,000","18,900","1,050점","2861","여행"
"77","여행","잘할 거예요, 어디서든","149694021","9791155641705","03810","멍작가(강지명) 지음","북스토리","20180625","4,800","4,320","240점","2848","에세이"
"78","여행","리얼 홍콩","342073549","9791193080337","14980","임요희.정의진 지음","한빛라이프","20240627","19,000","17,100","950점","2826","여행"
"79","여행","무작정 따라하기 타이베이","339896361","9791140710041","13980","이진경.김경현 지음","길벗","20240524","19,800","17,820","990점","2714","여행"
"80","여행","리얼 뉴질랜드","338433920","9791193080313","14980","박선영 지음","한빛라이프","20240430","21,000","18,900","1,050점","2258","여행"
"81","여행","디스 이즈 파리 This is PARIS","339547061","9791192767208","13980","김민준 외 지음","TERRA(테라출판사)","20240517","20,000","18,000","1,000점","2154","여행"
"82","여행","에이든 타이베이 여행지도","321472168","9791190073264","","타블라라사 편집부.이정기 지음","타블라라사","20230716","19,800","17,820","990점","2034","여행"
"83","여행","리얼 홋카이도","328479756","9791193080139","14980","이무늬.이근평 지음","한빛라이프","20231120","18,500","16,650","920점","1914","여행"
"84","여행","ENJOY 일본어 메뉴판 읽기","339161112","9791166838743","13730","황미진 지음","넥서스","20240515","13,000","11,700","650점","1680","외국어"
"85","여행","프렌즈 방콕 : 파타야·깐짜나부리·아유타야","335168907","9788927880288","14980","안진헌 지음","중앙books(중앙북스)","20240306","23,000","20,700","1,150점","1611","여행"
"86","여행","무작정 따라하기 싱가포르","326337789","9791140706631","13980","박상미.양인화.전상현 지음","길벗","20231016","21,000","18,900","1,050점","1504","여행"
"87","여행","김사원세끼의 노포 투어","348033179","9791158464233","13980","김사원세끼 지음","비타북스","20240930","19,500","17,550","970점","1460","여행"
"88","여행","에이든 마카오 여행지도","336459871","9791190073417","","타블라라사 편집부.이정기 지음","타블라라사","20240301","16,500","14,850","820점","1421","여행"
"89","여행","주문하신 대만 간식 나왔습니다","336637033","9791193049358","13980","송채원(송차이) 지음","책밥","20240325","19,800","17,820","990점","1416","여행"
"90","여행","리얼 괌","344437519","9791193080368","14980","민정아 지음","한빛라이프","20240809","18,000","16,200","900점","1150","여행"
"91","여행","프렌즈 뉴욕","350642524","9788927880653","14980","이주은 지음","중앙books(중앙북스)","20241111","22,000","19,800","1,100점","710","여행"
"92","여행","건축가와 함께 걷는 청와대, 서촌, 북촌 산책","351567876","9791193584859","03810","김영욱 지음","포르체","20241113","19,000","17,100","950점","490","여행"
"93","여행","모든 요일의 여행 (10만 부 기념 리커버 에디션)","274572266","9791185459523","03810","김민철 지음","북라이프","20210706","13,500","12,150","670점","9355","에세이"
"94","여행","먼 북소리","208377011","9788970129501","03830","무라카미 하루키 지음, 윤성원 옮김","문학사상사","20190918","16,000","14,400","800점","3750","에세이"
"95","여행","마구로 센세의 여행 일본어 마스터","314773557","9791169780070","03730","최유리 지음, 나인완 그림","브레인스토어","20230414","16,000","14,400","800점","3616","외국어"
"96","여행","여기 가려고 주말을 기다렸어","316081870","9791191825985","13980","주말랭이 지음","빅피시","20230519","19,800","17,820","990점","3219","여행"
"97","여행","여행 영어의 결정적 패턴들","293772667","9788960499461","14740","서영조 지음","사람in","20220504","17,000","15,300","850점","2650","외국어"
"98","여행","무작정 따라하기 오사카·교토·고베·나라","338049453","9791140709298","13980","오원호.정숙영 지음","길벗","20240424","19,800","17,820","990점","2495","여행"
"99","여행","프렌즈 미국 서부","339500451","9788927880370","14980","이주은.소연 지음","중앙books(중앙북스)","20240503","23,000","20,700","1,150점","2155","여행"
"100","여행","묵상","194046004","9788971999615","03610","승효상 지음","돌베개","20190606","28,000","25,200","1,400점","2103","예술/대중문화"
"101","여행","리얼 타이베이","336433040","9791193080269","14980","김홍래 지음","한빛라이프","20240322","19,800","17,820","990점","2079","여행"
"102","여행","90일 밤의 미술관 : 루브르 박물관","271834460","9791157687114","03600","이혜준 외 지음","동양북스(동양문고)","20210531","19,800","17,820","990점","2068","예술/대중문화"
"103","여행","나는 여행기를 이렇게 쓴다","56699451","9788970129181","03830","무라카미 하루키 지음, 김진욱 옮김","문학사상사","20150420","13,000","11,700","650점","1994","에세이"
"104","여행","일본 주말 여행","341282896","9791155362167","13980","이형준 지음","즐거운상상","20240620","18,000","16,200","900점","1935","여행"
"105","여행","이제 진짜 제주로 갑서","344110924","9791193027349","03810","정다운 지음","남해의봄날","20240815","18,000","16,200","900점","1920","에세이"
"106","여행","에이든 우리나라 서울 여행지도","345850690","9791190073608","13980","타블라라사 편집부 외 지음","타블라라사","20240901","19,800","17,820","990점","1910","여행"
"107","여행","식객 허영만의 백반기행 베스트 500","316795809","9791167780812","13980","허영만.TV조선 &lt;식객 허영만의 백반기행&gt; 제작팀 지음","가디언","20230525","49,000","44,100","2,450점","1910","여행"
"108","여행","팔로우 스페인ㆍ포르투갈","339947000","9791198727213","14980","정꽃나래.정꽃보라 지음","트래블라이크","20240528","22,000","19,800","1,100점","1859","여행"
"109","여행","뉴욕규림일기","161464568","9791187289425","03810","김규림 지음","비컷","20180820","14,800","13,320","740점","1846","여행"
"110","여행","리얼 호주","336851410","9791193080290","14980","박선영 지음","한빛라이프","20240328","22,000","19,800","1,100점","1665","여행"
"111","여행","프렌즈 파리","330626916","9788927880141","14980","오윤경 지음","중앙books(중앙북스)","20231226","21,000","18,900","1,050점","1640","여행"
"112","여행","상하이, 너를 위해 준비했어","342912136","9791198791344","03810","농호 상하이 지음","OTD","20240701","16,800","15,120","840점","1566","여행"
"113","여행","프렌즈 베트남","341348504","9788927880479","14980","안진헌 지음","중앙books(중앙북스)","20240701","22,000","19,800","1,100점","1550","여행"
"114","여행","진짜 도쿄 맛집을 알려줄게요","337079049","9791170871279","13980","네모 tokyo_nemo 지음","휴머니스트","20240401","19,800","17,820","990점","1536","여행"
"115","여행","국내여행 버킷리스트 101","342922306","9791166838521","13980","최미선.신석교 지음","넥서스BOOKS","20240725","25,000","22,500","1,250점","1521","여행"
"116","여행","리얼 오키나와 2024~2025","332987795","9791193080184","14980","전명윤 지음","한빛라이프","20240130","18,000","16,200","900점","1503","여행"
"117","여행","일본 여행을 가장 행복하게 하는 방법","348011002","9791194223016","13980","허근희 지음","두드림미디어","20241001","18,000","16,200","900점","1425","여행"
"118","여행","오! 마이 나트랑·달랏","338499976","9791190061360","14980","홍아미 외 지음","두사람","20240430","19,800","17,820","990점","1423","여행"
"119","여행","2024 미쉐린 가이드 서울 | 부산","340412243","9782067266971","","미쉐린 가이드 평가원 지음","미쉐린(MICHELIN)","20240222","25,000","22,500","1,250점","1418","여행"
"120","여행","에이든 다낭 여행지도 2024-2025","322659812","9791190073301","","타블라라사 편집부.이정기 지음","타블라라사","20230916","19,800","17,820","990점","1339","여행"
"121","여행","빈 미술사 박물관","38700815","9788960533479","04600","실비아 보르게시 지음, 하지은 옮김","마로니에북스","20140315","12,000","10,800","600점","1220","예술/대중문화"
"122","여행","고을 goeul vol.6 : 부산","344746181","9791190109192","03050","로우 프레스 편집부 지음","로우프레스(부엌매거진)","20240816","18,000","16,200","540점","1120","여행"
"123","여행","JR기차 타고 즐기는 일본 온천 50","307802144","9791197934919","03910","박승우 지음","덕주","20230106","20,000","18,000","1,000점","1103","여행"
"124","여행","팔로우 발리","343168062","9791198727237","14980","김낙현 지음","트래블라이크","20240723","19,000","17,100","950점","1094","여행"
"125","여행","마음이 부는 곳","342004079","9791198265173","02810","안리타 지음","홀로씨의테이블","20240617","14,000","12,600","700점","977","에세이"
"126","여행","저스트고 말레이시아","330852009","9791171252336","14980","김낙현 지음","시공사","20231130","20,000","18,000","1,000점","947","여행"
"127","여행","우리 함께 떠나요","316881748","9791162014011","03910","무여 지음","담앤북스","20230527","16,800","15,120","840점","900","역사"
"128","여행","그리스 홀리데이","320006525","9791167620576","14980","고아라.김나성.오한결 지음","꿈의지도","20230720","19,500","17,550","970점","861","여행"
"129","여행","오! 마이 하와이","350619371","9791190061377","14980","박성혜.전동준 지음","두사람","20241030","22,500","20,250","1,120점","860","여행"
"130","여행","해시태그 푸꾸옥","347062306","9791193839751","03910","조대현 지음","해시태그(Hashtag)","20240921","17,200","15,480","860점","790","여행"
"131","여행","크로아티아 홀리데이","340537892","9791167621009","14980","양인선 지음","꿈의지도","20240610","19,000","17,100","950점","765","여행"
"132","여행","365일 고민 없는 국내여행","350412192","9791140711222","13980","김수진.정은주 지음","길벗","20241023","25,000","22,500","1,250점","755","여행"
"133","여행","겨울 데자뷔","334714916","9788937456183","03800","최유수 지음","민음사","20240209","20,000","18,000","1,000점","709","에세이"
"134","여행","커피헌터와 함께하는 세계 커피산지 여행","350396890","9791191290400","03980","JOS&#201; 가와시마 요시아키 지음, 윤선해 옮김","황소자리(Taurus)","20241025","18,500","16,650","920점","570","여행"
"135","여행","서울은 건축","336876234","9788958722199","03980","신효근 지음","효형출판","20240330","20,000","18,000","1,000점","563","예술/대중문화"
"136","여행","샬레트래블북 오스트리아","346203015","9791188652358","13920","이진영.정의진 지음, 강승희 외 사진","㈜샬레트래블앤라이프","20240909","18,000","16,200","900점","500","여행"
"137","여행","에이든 인스타 핫플 국내여행 가이드북 2025-2026","352231217","9791190073707","13980","타블라라사 편집부 외 지음","타블라라사","20250101","22,000","19,800","1,100점","480","여행"
"138","여행","남미 5개국 셀프트래블","350083045","9791167822109","14980","한동철 외 지음","상상출판","20241031","17,000","15,300","850점","465","여행"
"139","여행","돌로미티","348545373","9791157786657","03920","박진성 지음","맑은샘(김양수)","20240927","22,000","19,800","1,100점","465","여행"
"140","여행","샬레트래블북 핀란드","330290360","9791188652327","13920","김문희.우지선 지음, 정소현 사진","㈜샬레트래블앤라이프","20231215","18,000","16,200","900점","460","여행"
"141","여행","해시태그 라오스","340343502","9791193839430","","조대현 지음","해시태그(Hashtag)","20231224","17,000","15,300","850점","438","여행"
"142","여행","해시태그 나트랑","350618939","9791193839843","03920","조대현 지음","해시태그(Hashtag)","20241025","18,000","16,200","900점","385","여행"
"143","여행","베트남 간식, 시간과 시간 사이에서 만난 작고 다정한 것들","350484804","9791172175207","03810","진유정 지음","크루","20241028","22,000","19,800","1,100점","365","여행"
"144","여행","특별하게 싱가포르","352543234","9791188829460","13980","설혜원 지음","디스커버리미디어","20241205","21,000","18,900","1,050점","190","여행"
"145","여행","바람이 분다 당신이 좋다","17563850","9788993928488","03810","이병률 지음","달","20120704","15,300","13,770","760점","23205","에세이"
"146","여행","끌림","7332337","9788993928181","03810","이병률 지음","달","20100701","15,000","13,500","750점","14146","에세이"
"147","여행","자전거여행 1","47377242","9788954626200","04810","김훈 지음, 이강빈 사진","문학동네","20141022","16,000","14,400","800점","9237","에세이"
"148","여행","전국축제자랑","265732253","9788937413711","03810","김혼비.박태하 지음","민음사","20210226","15,000","13,500","750점","5913","에세이"
"149","여행","나의 서양미술 순례","331488","9788936470746","03600","서경식 지음, 박이엽 옮김","창비","20020205","17,000","15,300","170점","5230","예술/대중문화"
"150","여행","제 마음대로 살아보겠습니다","214341471","9791189856540","13980","이원지 지음","상상출판","20191113","14,200","12,780","710점","4495","여행"
"151","여행","시에나에서의 한 달","338619790","9788930107853","03600","히샴 마타르 지음, 신해경 옮김","열화당","20240501","16,000","15,200","480점","4254","예술/대중문화"
"152","여행","우연히, 웨스 앤더슨","268207244","9788901248882","03660","월리 코발 지음, 김희진 옮김","웅진지식하우스","20210330","29,000","26,100","1,450점","3915","예술/대중문화"
"153","여행","1:100,000 도로지도 지도대사전","346297","9788939001022","13982","성지문화사 편집부 편저","성지문화사","20230901","40,000","36,000","2,000점","3706","여행"
"154","여행","에이든 제주여행 가이드북","324228049","9791190073325","13980","타블라라사 편집부 외 지음","타블라라사","20231001","21,000","18,900","1,050점","3633","여행"
"155","여행","에이든 파리 여행지도","321471279","9791190073240","","타블라라사 편집부.이정기 지음","타블라라사","20230816","19,800","17,820","990점","2855","여행"
"156","여행","순도 100퍼센트의 휴식 (여름방학 에디션)","343686727","9791168341128","03810","박상영 지음","인플루엔셜(주)","20230630","16,800","15,120","840점","2805","에세이"
"157","여행","에이든 우리나라 전국 여행지도 2023-2024","321471163","9791190073226","","타블라라사 편집부.이정기 지음","타블라라사","20230816","19,800","17,820","990점","2712","여행"
"158","여행","너 없이 걸었다","63952793","9788954635455","03810","허수경 지음","난다","20150815","13,800","12,420","690점","2472","에세이"
"159","여행","5년 만에 신혼여행","88891306","9791160400014","03810","장강명 지음","한겨레출판","20160818","13,000","11,700","650점","2404","에세이"
"160","여행","나고야 셀프 트래블","314025529","9791167821270","14980","홍은선 지음","상상출판","20230403","16,800","15,120","840점","2380","여행"
"161","여행","나의 이탈리아 인문 기행","113801614","9788983710154","03800","서경식 지음, 최재혁 옮김","반비","20180112","18,000","16,200","900점","2197","인문학"
"162","여행","식객 허영만의 백반기행","238785324","9791189159634","14980","허영만.TV조선 &lt;식객 허영만의 백반기행&gt; 제작팀 지음","가디언","20200514","17,000","15,300","850점","2107","여행"
"163","여행","동유럽 셀프 트래블","297174404","9791167820051","14980","박정은.장은주 지음","상상출판","20220705","19,500","17,550","970점","2076","여행"
"164","여행","대한민국 완전정복 가이드북","325113129","9791188829378","","태원준 지음","디스커버리미디어","20231005","25,000","22,500","1,250점","2045","여행"
"165","여행","교토, 길 위에 저 시간 속에","342800266","9791172740023","03300","이인우 지음","파람북","20240712","23,800","21,420","1,190점","2044","인문학"
"166","여행","리얼 뉴욕","320435769","9791193080276","14980","맹지나 지음","한빛라이프","20240328","21,000","18,900","1,050점","2001","여행"
"167","여행","리얼 방콕","343294174","9791193080375","14980","배나영 지음","한빛라이프","20240723","19,000","17,100","950점","2000","여행"
"168","여행","프렌즈 미국 동부 : 뉴욕·워싱턴 DC·보스턴·시카고","342759070","9788927813217","14980","이주은.한세라 지음","중앙books(중앙북스)","20240722","23,000","20,700","1,150점","1918","여행"
"169","여행","여행 드롭","333991625","9791160274455","03830","에쿠니 가오리 지음, 김난주 옮김","(주)태일소담출판사","20240130","17,800","16,020","890점","1835","에세이"
"170","여행","리얼 마카오","326216822","9791193080085","14980","정의진 지음","한빛라이프","20231011","16,800","15,120","840점","1824","여행"
"171","여행","내일도 잘 부탁해, 도쿄!","303049717","9791192512075","03810","장서영 지음","클","20221026","15,000","13,500","750점","1737","에세이"
"172","여행","리얼 독일","328822574","9791193080115","14980","이주은.박주미 지음","한빛라이프","20231120","23,000","20,700","1,150점","1735","여행"
"173","여행","무작정 따라하기 이탈리아","343731939","9791140710300","13980","정숙영 지음","길벗","20240805","22,000","19,800","1,100점","1675","여행"
"174","여행","남는 건 사진뿐일지도 몰라","339682247","9791172100414","13980","서영길 지음","동양북스(동양문고)","20240520","18,800","16,920","940점","1579","여행"
"175","여행","빨강머리 앤이 사랑한 풍경","193575145","9791187936299","03840","캐서린 리드 지음, 정현진 옮김","터치아트","20190605","22,000","19,800","1,100점","1572","에세이"
"176","여행","리얼 하와이","325145434","9791193080054","14980","김화정 지음","한빛라이프","20230925","19,000","17,100","950점","1546","여행"
"177","여행","발리 셀프 트래블","339960698","9791167821980","14980","한혜원.김은하.황성현 지음","상상출판","20240520","19,500","17,550","970점","1508","여행"
"178","여행","나영석 피디의 어차피 레이스는 길다","141184061","9788954650885","03810","나영석 지음","문학동네","20180413","16,500","14,850","820점","1506","에세이"
"179","여행","타이완 셀프 트래블","320447259","9791167821478","14980","이주영 지음","상상출판","20230724","18,500","16,650","920점","1440","여행"
"180","여행","리얼 하노이","317296157","9791193080023","14980","박수정 지음","한빛라이프","20230529","20,000","18,000","1,000점","1363","여행"
"181","여행","베스트 프렌즈 교토","319349277","9788927879879","14980","정꽃나래.정꽃보라 지음","중앙books(중앙북스)","20230710","13,000","11,700","650점","1362","여행"
"182","여행","오키나와 셀프 트래블","344724942","9791167822079","14980","정꽃나래.정꽃보라 지음","상상출판","20240817","17,500","15,750","870점","1355","여행"
"183","여행","미술관 가이드의 프랑스 여행법","345823779","9791197880582","03600","이혜준 지음","클로브","20240902","22,000","19,800","1,100점","1325","예술/대중문화"
"184","여행","김박사넷과 미국 대학원 합격하기","314578126","9788931468045","13000","임형광.박향미.유일혁 지음","영진.com(영진닷컴)","20230420","24,000","21,600","1,200점","1298","외국어"
"185","여행","특별하게 오키나와","334809540","9791188829392","13980","문신기 지음","디스커버리미디어","20240310","21,000","18,900","1,050점","1285","여행"
"186","여행","지리쌤과 함께하는 우리나라 도시 여행","74982365","9791195523559","03980","전국지리교사모임 지음","폭스코너","20160120","17,500","15,750","870점","1252","사회과학"
"187","여행","여행 스페인어","322446096","9791161507446","13770","장선이 지음","시원스쿨닷컴","20230811","12,000","10,800","600점","1249","외국어"
"188","여행","당일치기 조선여행","336867754","9791197880452","03980","트래블레이블 지음, 이도남 감수","노트앤노트","20240405","22,000","19,800","1,100점","1222","역사"
"189","여행","프렌즈 스위스","338791256","9788927880387","14980","황현희 지음","중앙books(중앙북스)","20240507","19,000","17,100","950점","1204","여행"
"190","여행","전국일주 가이드북","298224671","9791167820853","13980","유철상 외 지음","상상출판","20220727","17,900","16,110","890점","1176","여행"
"191","여행","꿈꾸는 하와이","45227507","9788937489440","03830","요시모토 바나나 지음, 김난주 옮김","민음사","20140818","14,000","12,600","700점","1171","에세이"
"192","여행","수많은 운명의 집","314238593","9788937429910","04800","슈테판 츠바이크 지음, 이미선 옮김","민음사","20230331","11,800","10,620","590점","1166","에세이"
"193","여행","다크투어, 내 여행의 이름","314950625","9791189385408","03900","양재화 지음","어떤책","20230530","16,000","14,400","800점","1121","인문학"
"194","여행","경험 수집가의 여행","179440380","9788932919386","03900","앤드류 솔로몬 지음, 김명남 옮김","열린책들","20190125","25,000","22,500","1,250점","1115","역사"
"195","여행","나의 일본미술 순례 1","293980323","9791197758614","","서경식 지음, 최재혁 옮김","연립서가","20220518","19,000","17,100","950점","1105","예술/대중문화"
"196","여행","도쿄의 뮤지엄을 어슬렁거리다","324947090","9791192444642","03910","오타가키 세이코 지음, 민성원 옮김","더숲","20231005","16,800","15,120","840점","1084","여행"
"197","여행","도시여행자를 위한 파리x역사","342404858","9791170871859","03920","주경철 지음","휴머니스트","20240701","22,000","19,800","1,100점","1080","역사"
"198","여행","매일 떠나는 세계 여행","336025406","9788997107766","13980","백상현 지음","아이콘북스","20240315","27,500","24,750","1,370점","1078","여행"
"199","여행","인조이 남미 : 페루·볼리비아·칠레·아르헨티나·브라질","335624480","9791166838323","13980","박재영 지음","넥서스BOOKS","20240315","22,000","19,800","1,100점","1078","여행"
"200","여행","베를린","222681308","9791189346102","14980","박종호 지음","풍월당","20191223","17,000","15,300","850점","1037","여행"
"201","여행","리얼 파리","343168164","9791193080344","14980","황현희 지음","한빛라이프","20240722","19,000","17,100","950점","954","여행"
"202","여행","재즈의 도시","339772955","9791198593528","04080","김소리 지음","파이퍼프레스","20240527","16,000","14,400","800점","931","예술/대중문화"
"203","여행","대한민국 트레킹 가이드","282187361","9788927812647","14980","진우석.이상은 지음","중앙books(중앙북스)","20211102","22,000","19,800","1,100점","915","여행"
"204","여행","내일은 시코쿠 : 다카마츠·마츠야마·도쿠시마·고치","328010570","9791188063598","","온 더 로드 지음","착한책방","20231113","17,800","16,020","890점","910","여행"
"205","여행","프렌즈 캐나다 : 밴쿠버·토론토·몬트리올·퀘벡·로키","348145470","9788927880608","14980","이주은.한세라 지음","중앙books(중앙북스)","20241007","25,000","22,500","1,250점","880","여행"
"206","여행","학교 넘어 도망친 21살 대학생","328821113","9788967822002","03980","홍시은 지음","푸른향기","20231130","17,500","15,750","870점","864","여행"
"207","여행","나의 파란, 나폴리","342501694","9791192638416","04810","정대건 지음","안온북스","20240702","16,800","15,120","840점","859","에세이"
"208","여행","에이든 로마 여행지도 2024-2025","336033473","9791190073400","13920","타블라라사 편집부.이정기 지음","타블라라사","20240301","19,800","17,820","990점","844","여행"
"209","여행","일상이 고고학, 나 혼자 대가야 여행","340848517","9791192753171","03910","황윤 지음","책읽는고양이","20240624","18,800","16,920","940점","831","역사"
"210","여행","내일은 홋카이도 : 삿포로, 오타루, 하코다테, 비에이","329204551","9791188063611","","온 더 로드 지음","착한책방","20231201","18,800","16,920","940점","818","여행"
"211","여행","세계의 성모 발현 성지를 찾아서","275187280","9788941921080","03230","최하경 지음","분도출판사","20210715","25,000","22,500","1,250점","817","종교/역학"
"212","여행","방구석에서 먼저 떠나는 이집트 여행","262657015","9791196621360","03980","최돈근 지음","피서산장","20210127","15,000","13,500","750점","789","여행"
"213","여행","후쿠오카 사가 나가사키 홀리데이","316295093","9791167620569","14980","권현지.신영철.유연태 지음","꿈의지도","20230525","18,000","16,200","900점","785","여행"
"214","여행","나만의 도슨트, 오르세 미술관","309073343","9791166834073","03600","서정욱 지음","큐리어스(Qrious)","20230125","17,500","15,750","870점","780","예술/대중문화"
"215","여행","시즈오카 일본 소도시 산책","314126694","9791192730332","14980","박병춘 지음","포르체","20230405","19,800","17,820","990점","749","여행"
"216","여행","홍콩 산책","326127519","9791168611764","03810","류영하 지음","산지니","20230927","18,000","16,200","900점","738","에세이"
"217","여행","방콕 셀프 트래블","333599847","9791167825551","14980","김정숙 지음","상상출판","20240214","19,000","17,100","950점","695","여행"
"218","여행","해시태그 그리스","336593442","9791193839195","03910","조대현 지음","해시태그(Hashtag)","20240417","18,000","16,200","900점","620","여행"
"219","여행","Tripful 트립풀 교토","198359810","9791185831770","14980","양미석 지음","이지앤북스","20190719","14,000","12,600","700점","598","여행"
"220","여행","대한민국 순례길 여행","350441948","9791198814630","03980","이준휘 지음","덕주","20241030","22,000","19,800","1,100점","570","여행"
"221","여행","영진 7만 5천 지도","338822693","9788969010407","13980","영진문화사 편집부 지음","영진문화사","20240501","40,000","36,000","2,000점","558","여행"
"222","여행","나의 처음 홍콩 여행","330272223","9791198347824","13980","Dear Kids 지음, 생갱 그림","말랑(mal.lang)","20240115","22,900","20,610","1,140점","548","여행"
"223","여행","당신에게, 섬","62417173","9791186581124","13980","강제윤 지음","꿈의지도","20150720","14,000","12,600","700점","548","여행"
"224","여행","조지아 + 아르메니아","318919101","9791197837838","13980","서병용 지음","트래블북스","20230616","20,000","18,000","1,000점","531","여행"
"225","여행","mbti 런던","349756732","9791169108836","03920","키오(석용석) 지음","미다스북스","20241028","23,000","20,700","1,150점","530","여행"
"226","여행","10일간의 영국 일주 인문학 여행","338008157","9791156228660","03920","임상우 지음","지식공감","20240422","20,000","18,000","1,000점","524","여행"
"227","여행","유럽 도자기 여행 : 북유럽 편","273179024","9791191455250","03900","조용준 지음","도도(도서출판)","20210615","22,000","19,800","1,100점","524","인문학"
"228","여행","마마마, 부산","351600228","9791168261976","03810","배길남 지음","호밀밭","20241111","19,000","17,100","950점","520","에세이"
"229","여행","프렌즈 독일","351012253","9788927880660","14980","유상현 지음","중앙books(중앙북스)","20241111","24,000","21,600","1,200점","520","여행"
"230","여행","클로즈업 도쿄 (2024-25년 최신 개정판)","343542168","9788967440992","13910","유재우.손미경 지음","에디터","20240725","18,000","16,200","900점","509","여행"
"231","여행","교토·오사카·고베! 일드 미식 가이드","345360015","9791172174521","03980","이지성 지음","크루","20240830","18,800","16,920","940점","485","여행"
"232","여행","세계를 읽다, 태국","294378377","9791186440872","04900","로버트 쿠퍼 지음, 정해영 옮김","가지출판사","20220516","16,000","14,400","800점","481","인문학"
"233","여행","유스티노 신부의 치유의 순례기","253133790","9791187895190","03980","김평만 지음","예지(Wisdom)","20200915","20,000","18,000","1,000점","420","여행"
"234","여행","뉴질랜드 캠핑카 여행기","324451143","9791169103336","03810","박수진 지음","미다스북스","20230925","20,000","18,000","1,000점","416","에세이"
"235","여행","왜, 산티아고인가","346353376","9791172631208","03810","나선영 지음","바른북스","20240910","25,000","22,500","1,250점","415","여행"
"236","여행","대한민국 산림청이 선정한 100대 명산 이야기","339560019","9791139218084","03810","김진현 지음","지식과감성#","20240503","38,000","34,200","1,900점","414","에세이"
"237","여행","모로코 홀리데이","322808545","9791167620705","14980","이수호 지음","꿈의지도","20230825","18,000","16,200","900점","393","여행"
"238","여행","배낭여행은 위험해","352322722","9791172243654","03980","허성행 지음","북랩","20241113","18,000","16,200","900점","390","여행"
"239","여행","타박타박 서울 유람","258583390","9791165793227","13980","김혜영 지음","시공사","20201222","16,000","14,400","800점","390","여행"
"240","여행","세상의 끝에서 만난 음악","212973157","9788954658287","03670","신경아 지음","문학동네","20191023","21,000","18,900","1,050점","374","예술/대중문화"
"241","여행","설렘 한 스푼, 독일 크리스마스 마켓","320123622","9791167471208","03920","스텔라 지음","하모니북","20230725","18,000","16,200","900점","371","에세이"
"242","여행","해시태그 프랑스 소도시 여행","345778112","9791193839720","03920","조대현 지음","해시태그(Hashtag)","20240907","17,200","15,480","860점","350","여행"
"243","여행","버킷리스트 미국 서부 : 로스앤젤리스·라스베이거스·샌프란시스코·캐니언","228682762","9791196845360","13980","서수민 지음","책밥","20200128","16,000","14,400","800점","346","여행"
"244","여행","서울 속 건축","69029860","9788970598291","03610","울프 마이어 지음, 전정희 옮김, 이주연.이경일 감수","안그라픽스","20151028","18,000","16,200","900점","339","예술/대중문화"
"245","여행","해시태그 스페인 소도시 여행","345777656","9791193839706","03920","조대현 지음","해시태그(Hashtag)","20240907","18,000","16,200","900점","330","여행"
"246","여행","북한산 둘레길","11465302","9788994291109","14590","강석균 지음","북웨이","20110425","8,000","7,600","230점","309","여행"
"247","여행","당신이 모르는 그 곳 양양 Yangyang","349426502","9791189647216","03980","어라운더월드 편집부 지음","어라운더월드","20241010","18,000","16,200","900점","305","여행"
"248","여행","체코와 프라하 시간여행","342404117","9791169107280","03810","홍성헌 지음","미다스북스","20240716","22,000","19,800","1,100점","302","에세이"
"249","여행","뮌헨 홀리데이 : 바이에른 소도시, 독일, 알프스","348985390","9791167621085","14980","유상현 지음","꿈의지도","20241031","19,000","17,100","950점","265","여행"
"250","여행","해시태그 아이슬란드 자동차여행","350619193","9791193839881","03910","조대현 지음","해시태그(Hashtag)","20241025","18,900","17,010","940점","235","여행"
"251","여행","해시태그 프랑스 자동차 여행","350619084","9791193839867","03920","조대현 지음","해시태그(Hashtag)","20241027","17,200","15,480","860점","235","여행"
"252","여행","도쿄 킷사텐 여행","352956973","9791193027387","03810","최민지 지음","남해의봄날","20241130","19,000","17,100","950점","210","에세이"
"253","여행","인조이 이탈리아","192578813","9791189432423","13980","윤경민 지음","넥서스BOOKS","20190524","22,000","19,800","1,100점","202","여행"
"254","여행","베트남 셀프 트래블","351603307","9791167822116","14980","정승원 지음","상상출판","20241113","19,500","17,550","970점","170","여행"
"255","여행","크루즈 여행의 매력","346889453","9791156228936","03980","김지수 지음","지식공감","20240920","20,000","18,000","1,000점","170","여행"
"256","여행","바람의 딸, 우리 땅에 서다","211073","9788971844755","03810","한비야 지음","푸른숲","20060908","12,000","10,800","600점","11377","여행"
"257","여행","지구인만큼 지구를 사랑할 순 없어","273184671","9791191583793","03810","정세랑 지음","위즈덤하우스","20210610","16,800","15,120","840점","9320","에세이"
"258","여행","자전거여행 2","47377725","9788954626217","04810","김훈 지음, 이강빈 사진","문학동네","20141022","15,000","13,500","750점","5484","에세이"
"259","여행","아주 사적인 여행","318680248","9788925576404","03810","양주안 지음","알에이치코리아(RHK)","20230621","16,800","15,120","840점","4631","에세이"
"260","여행","공지영의 수도원 기행 2","48958394","9788941914204","03810","공지영 지음","분도출판사","20141128","16,800","15,120","840점","4444","에세이"
"261","여행","괜찮아, 그 길 끝에 행복이 기다릴 거야","313960187","9791198262004","03810","손미나 지음","코알라컴퍼니","20230405","19,000","17,100","950점","4069","에세이"
"262","여행","여행의 쓸모","317411975","9791192579719","03810","정여울 지음, 이승원 사진","스튜디오오드리","20230531","18,000","16,200","900점","3815","에세이"
"263","여행","변방을 찾아서","17045490","9788971994863","03810","신영복 지음","돌베개","20120521","9,000","8,100","450점","3492","에세이"
"264","여행","에이든 오사카/간사이 여행지도","321473044","9791190073233","","타블라라사 편집부.이정기 지음","타블라라사","20230816","19,800","17,820","990점","3170","여행"
"265","여행","팔로우 호주","330654851","9791198269461","14980","제이민 지음, 원동권 사진","트래블라이크","20231226","21,500","19,350","1,070점","3056","여행"
"266","여행","프렌즈 싱가포르","311972527","9788927879695","14980","박진주 지음","중앙books(중앙북스)","20230306","20,000","18,000","1,000점","2847","여행"
"267","여행","교토에 다녀왔습니다","116992174","9788959135417","03810","임경선 지음","위즈덤하우스","20170905","14,800","13,320","740점","2822","에세이"
"268","여행","파리의 미술관","319685786","9791197880544","03600","이혜준 외 지음","클로브","20230703","24,000","21,600","1,200점","2820","예술/대중문화"
"269","여행","마츠다 리스트","337617870","9791191994278","03910","마츠다 아키히로 지음","용감한까치","20240415","22,000","19,800","1,100점","2817","여행"
"270","여행","미술관 읽는 시간","303740653","9791165346423","03600","정우철 지음","쌤앤파커스","20221109","19,000","17,100","950점","2784","예술/대중문화"
"271","여행","무작정 따라하기 후쿠오카 - 전2권","317930408","9791140704606","13980","전상현.두경아 지음","길벗","20230531","19,800","17,820","990점","2749","여행"
"272","여행","백종원의 우리술","330289502","9788934917748","03590","백종원 지음","김영사","20231215","24,800","22,320","1,240점","2735","요리/살림"
"273","여행","파리는 날마다 축제","14703676","9788994228341","03840","어니스트 헤밍웨이 지음, 주순애 옮김","이숲","20120120","15,000","13,500","750점","2513","에세이"
"274","여행","다정한 구원","192226659","9791189280284","03810","임경선 지음","미디어창비","20190530","15,000","13,500","750점","2509","에세이"
"275","여행","사회적응 거부선언","316884096","9791197912634","02810","이하루 지음","온다프레스","20230623","15,000","13,500","750점","2434","사회과학"
"276","여행","이국적인 국내여행지 64","290592537","9791190641708","13980","이환수(한스포토) 지음","책밥","20220330","17,000","15,300","850점","2368","여행"
"277","여행","유럽의 다정한 책장들","341935430","9788958722236","03920","모모 파밀리아 지음","효형출판","20240630","21,000","18,900","1,050점","2350","에세이"
"278","여행","헤어진 이들은 홍콩에서 다시 만난다","291539419","9788934961895","03810","주성철 지음","김영사","20220328","16,500","14,850","820점","2255","에세이"
"279","여행","파리는 그림","332066955","9791190314305","","제라르 드니조 지음, 김두완 옮김","에이치비프레스","20240229","26,000","23,400","1,300점","2207","예술/대중문화"
"280","여행","일상이 고고학, 나 혼자 경주 여행","253250254","9791186274637","","황윤 지음","책읽는고양이","20201015","15,900","14,310","790점","2168","역사"
"281","여행","둘레둘레 트레킹","318371066","9791193080047","13980","김영수 지음","한빛라이프","20230615","21,000","18,900","1,050점","2068","여행"
"282","여행","에이든 런던 여행지도","321471504","9791190073257","","타블라라사 편집부.이정기 지음","타블라라사","20230816","19,800","17,820","990점","2050","여행"
"283","여행","욕망이 멈추는 곳, 라오스","3388728","9788956053301","03810","오소희 지음","북하우스","20090315","13,800","12,420","690점","2011","여행"
"284","여행","혼자서 국내 여행","339694137","9791188829415","13980","이학균 지음","디스커버리미디어","20240605","22,000","19,800","1,100점","1918","여행"
"285","여행","유럽의 시간을 걷다","94946366","9791195677146","03600","최경철 지음","웨일북","20161021","22,000","19,800","1,100점","1910","인문학"
"286","여행","나의 산티아고, 혼자이면서 함께 걷는 길","3714807","9788971848128","03980","김희경 지음","푸른숲","20090515","18,800","16,920","940점","1905","여행"
"287","여행","도쿄 셀프 트래블","316727006","9791167821379","14980","김미정.백진수 지음","상상출판","20230522","17,800","16,020","890점","1866","여행"
"288","여행","하마터면 지리도 모르고 세계여행할 뻔했다","347744238","9791193378281","43980","강이석 지음","북트리거","20240925","18,000","16,200","900점","1855","청소년"
"289","여행","에이든 세계지도로 세계여행 계획하기","334135531","9791190073356","13980","타블라라사 편집부.이정기 지음","타블라라사","20240215","19,800","17,820","990점","1805","여행"
"290","여행","나의 영국 인문 기행","198322690","9791189198893","03800","서경식 지음, 최재혁 옮김","반비","20190817","18,000","16,200","900점","1676","인문학"
"291","여행","생각하고 싶어서 떠난 핀란드 여행","279029752","9791190582520","03830","마스다 미리 지음, 홍은주 옮김","이봄","20210914","13,000","11,700","650점","1658","에세이"
"292","여행","내 옆에 있는 사람","234662597","9791158161071","03810","이병률 지음","달","20200311","15,300","13,770","760점","1643","에세이"
"293","여행","지금, 치앙마이","317213379","9791166835629","13980","오상용.성경민 지음","플래닝북스","20230605","16,000","14,400","800점","1605","여행"
"294","여행","아직, 도쿄","190006112","9791190065016","03810","임진아 지음","위즈덤하우스","20190429","14,800","13,320","740점","1589","여행"
"295","여행","속속들이 베트남, 한자 속의 베트남","317444730","9788998272562","03910","이동관 지음","글씨미디어","20230530","18,000","16,200","900점","1585","여행"
"296","여행","나를 채우는 여행의 기술","311902043","9791192674414","03840","인생학교 지음, 케이채 옮김, 알랭 드 보통 기획","오렌지디","20230227","15,000","13,500","750점","1579","에세이"
"297","여행","리얼 일본 소도시","314827443","9791190846035","14980","정꽃나래.정꽃보라 지음","한빛라이프","20230417","21,000","18,900","1,050점","1509","여행"
"298","여행","일본기차여행","307211091","9791167620378","13980","인페인터글로벌 지음","꿈의지도","20230105","19,800","17,820","990점","1509","여행"
"299","여행","킨포크 트래블","298025878","9791155815069","13980","존 번스 지음, 김선희 옮김","윌북아트","20220819","33,000","29,700","1,650점","1508","건강/취미"
"300","여행","나는 여전히 걸어가는 중입니다","347655905","9791192788272","03810","김소영 지음","드림셀러","20241007","16,800","15,120","840점","1490","에세이"
"301","여행","대관령 두메길","352306252","9791170485100","03980","김효송 지음, 스포츠맵(주) 엮음, 임찬호 사진","생각나눔(기획실크)","20241104","18,000","16,200","900점","1460","여행"
"302","여행","거기, 그곳에 : 세상 끝에 다녀오다","304608739","9791190779678","03660","지미 친 지음, 권루시안 옮김, 이용대 감수","진선북스(진선출판사)","20221115","27,000","24,300","1,350점","1452","예술/대중문화"
"303","여행","북유럽 셀프 트래블","336576547","9791167821904","14980","유진선 지음","상상출판","20240329","22,000","19,800","1,100점","1451","여행"
"304","여행","무작정 따라하기 괌 - 전2권","312226770","9791140703395","13980","김수정.김승남 지음","길벗","20230310","19,800","17,820","990점","1445","여행"
"305","여행","90일 밤의 미술관 : 이탈리아","285330497","9791157687725","03600","김덕선 외 지음","동양북스(동양문고)","20220103","22,000","19,800","1,100점","1397","예술/대중문화"
"306","여행","에이든 우리나라 캠핑지도","328200729","9791190073332","","타블라라사 편집부.이정기 지음","타블라라사","20231016","18,800","16,920","940점","1360","여행"
"307","여행","무작정 따라하기 스페인·포르투갈 - 전2권","320905980","9791140705177","13980","여정희.동희.홍수연 지음","길벗","20230725","24,000","21,600","1,200점","1354","여행"
"308","여행","베스트 프렌즈 도쿄","311923790","9788927879688","14980","정꽃나래.정꽃보라 지음","중앙books(중앙북스)","20230306","13,000","11,700","650점","1353","여행"
"309","여행","중앙아시아 3국 (카자흐스탄, 키르기스스탄, 우즈베키스탄)","339680081","9791197837845","13980","고수열.서병용 지음","트래블북스","20240524","20,000","18,000","1,000점","1335","여행"
"310","여행","전국 맛집 가이드북","339215665","9791167821959","13980","(사)한국여행작가협회 지음","상상출판","20240510","20,000","18,000","1,000점","1330","여행"
"311","여행","d design travel KYOTO 교토","316296989","9788996264095","03910","밀리미터밀리그람 지음, 박선형 옮김","밀리미터밀리그람","20230501","24,000","21,600","1,200점","1283","여행"
"312","여행","서울 이야기","315679344","9788956254494","03810","김남일 지음","학고재","20230418","20,000","18,000","1,000점","1275","에세이"
"313","여행","나는 산티아고 신부다","303477098","9788941922148","03230","인영균 끌레멘스 지음","분도출판사","20221027","19,800","17,820","990점","1237","종교/역학"
"314","여행","페소아의 리스본","113922351","9788970599076","13980","페르난두 페소아 지음, 박소현 옮김, 최경화 감수","안그라픽스","20170721","15,000","13,500","750점","1220","여행"
"315","여행","오사카 홀리데이 : 교토·나라·고베·와카야마","319694134","9791167620590","14980","인페인터글로벌 지음","꿈의지도","20230715","19,000","17,100","950점","1216","여행"
"316","여행","임정로드 4000km","176873595","9791157831333","03910","김종훈 외 지음","필로소픽","20190108","16,000","14,400","800점","1208","역사"
"317","여행","낯선 위로, 아이슬란드","341753929","9788967822194","03920","권호영 지음, 제이 사진","푸른향기","20240705","18,500","16,650","920점","1206","여행"
"318","여행","유럽 호텔 여행","341943481","9788997066933","03980","박선영 지음","모요사","20240704","26,000","23,400","1,300점","1190","여행"
"319","여행","빈","211984667","9791189346089","14980","박종호 지음","풍월당","20191015","17,000","15,300","850점","1188","여행"
"320","여행","일상이 고고학, 나 혼자 국립중앙박물관","296971392","9791186274897","03910","황윤 지음","책읽는고양이","20220707","20,000","18,000","1,000점","1187","역사"
"321","여행","김성곤의 중국한시기행 : 장강·황하 편","266606924","9788934990833","03800","김성곤 지음","김영사","20210309","19,800","17,820","990점","1177","인문학"
"322","여행","김성곤의 중국한시기행 2 : 강남·유배길 편","319759865","9788934958475","04800","김성곤 지음","김영사","20230630","19,800","17,820","990점","1172","인문학"
"323","여행","오늘도 문구점에 갑니다","309949221","9788934942320","03830","하야테노 고지 지음, 김다미 옮김","비채","20230131","14,500","13,050","720점","1148","에세이"
"324","여행","교과서가 쉬워지는 주말여행","326548724","9791140706556","13980","김수진.박은하 지음","길벗","20231020","24,000","21,600","1,200점","1138","여행"
"325","여행","리얼 프라하","315292071","9791190846615","14980","안지선 지음","한빛라이프","20230426","21,000","18,900","1,050점","1129","여행"
"326","여행","하와이 HAWAII","340051103","9791190061353","03960","이현정.한창윤.한비 지음","두사람","20240530","25,000","22,500","1,250점","1127","여행"
"327","여행","아틀라스 옵스큐라","118530969","9788965704997","13980","조슈아 포어.딜런 투라스.엘라 모턴 지음, 엄성수 옮김","쌤앤파커스","20170929","29,800","26,820","1,490점","1120","여행"
"328","여행","죽기 전에 유럽 여행","337993871","9791167821942","13980","정보상 지음","상상출판","20240420","19,500","17,550","970점","1119","여행"
"329","여행","마구로 센세의 일본어 메뉴판 마스터","335122939","9791169780261","03730","나인완 지음, 강한나 감수","브레인스토어","20240229","16,800","15,120","840점","1119","외국어"
"330","여행","일본적 마음","124648625","9791186274309","03810","김응교 지음","책읽는고양이","20171130","14,000","12,600","700점","1085","인문학"
"331","여행","혼돈의 캄보디아, 불멸의 앙코르와트","876408","9788956051628","03810","이지상 지음","북하우스","20070117","13,800","12,420","690점","1085","여행"
"332","여행","미국 서부 셀프 트래블","296062188","9791167820044","04980","조은정 지음","상상출판","20220609","18,000","16,200","900점","1083","여행"
"333","여행","비 내리는 그리스에서 불볕천지 터키까지","62857827","9788970129327","03830","무라카미 하루키 지음, 임홍빈 옮김, 마쓰무라 에이조 사진","문학사상사","20150710","14,000","12,600","700점","1074","에세이"
"334","여행","리얼 호치민","303678684","9791190846059","14980","권예빈 지음","한빛라이프","20221027","18,000","16,200","900점","1062","여행"
"335","여행","드라이빙 미스 노마","144637385","9788965962618","03840","팀, 라미 지음, 고상숙 옮김","흐름출판","20180518","14,000","12,600","700점","1016","에세이"
"336","여행","후쿠오카 셀프트래블","345921996","9791167822062","14980","김수정 지음","상상출판","20240905","18,000","16,200","900점","1010","여행"
"337","여행","에이든 우리나라 제주 여행지도","321472432","9791190073219","","타블라라사 편집부.이정기 지음","타블라라사","20230816","19,800","17,820","990점","997","여행"
"338","여행","걸어서 세계 속으로 나홀로 유럽여행 : 남유럽 동유럽 편","98153915","9791195842001","03980","KBS 걸어서 세계속으로 제작팀 지음","봄빛서원","20161215","19,800","17,820","990점","981","여행"
"339","여행","d design travel JEJU (국문판)","347133022","9788996264019","03910","디앤디파트먼트 프로젝트 편집부 엮음, 서하나 옮김","밀리미터밀리그람","20240906","29,800","26,820","1,490점","980","여행"
"340","여행","일본 소도시 여행","315678101","9791166835612","13980","박탄호 지음","넥서스BOOKS","20230510","22,000","19,800","1,100점","977","여행"
"341","여행","리얼 코타키나발루","333214077","9791193080238","14980","배나영 지음","한빛라이프","20240202","19,000","17,100","950점","966","여행"
"342","여행","빵슐랭 가이드","343666115","9791190118699","13590","박현영 지음","BOOKERS(북커스)","20240801","16,800","15,120","840점","959","여행"
"343","여행","삿포로 갔다가 오타루 살았죠","327821902","9791158161729","03810","김민희 지음","달","20231031","16,000","14,400","800점","950","에세이"
"344","여행","나는 공부하러 박물관 간다","442982","9788986361902","03810","이원복 지음","효형출판","20031120","9,500","8,550","470점","947","예술/대중문화"
"345","여행","윤운중의 유럽미술관순례 2","27483328","9788997066193","04600","윤운중 지음","모요사","20130620","25,000","22,500","1,250점","933","예술/대중문화"
"346","여행","일상이 고고학, 나 혼자 백제 여행","248482774","9791186274620","03810","황윤 지음","책읽는고양이","20200815","15,900","14,310","790점","928","역사"
"347","여행","세토우치 홀리데이 : 히로시마현·오카야마현·에히메현·가가와현","327354848","9791167620767","14980","인페인터글로벌 지음","꿈의지도","20231103","19,000","17,100","950점","915","여행"
"348","여행","파리 셀프 트래블","335624757","9791167821881","14980","박정은 지음","상상출판","20240315","17,500","15,750","870점","908","여행"
"349","여행","천천히 교토 산책","332985260","9791190118637","13980","원경혜 지음","BOOKERS(북커스)","20240201","18,800","16,920","940점","908","여행"
"350","여행","지리쌤과 함께하는 80일간의 세계 여행 : 아시아.유럽 편","114075945","9791187514114","03980","전국지리교사모임 지음","폭스코너","20170727","17,000","15,300","850점","907","여행"
"351","여행","샬레트래블북 홋카이도","318447528","9791188652259","13910","박민주 지음, 정소현 사진","㈜샬레트래블앤라이프","20230701","18,000","16,200","900점","904","여행"
"352","여행","바티칸 미술관에서 꼭 봐야 할 그림 100","292291467","9791160808230","04600","김영숙 지음","휴머니스트","20220411","17,000","15,300","850점","899","예술/대중문화"
"353","여행","스페인 소도시 여행","17501470","9788952765581","14980","박정은 글 사진","시공사","20120604","14,500","13,050","720점","896","여행"
"354","여행","우리의 겨울이 호주의 여름을 만나면","321144505","9791169102940","03810","최화영 지음","미다스북스","20230802","19,000","17,100","950점","890","에세이"
"355","여행","리얼 싱가포르","296966814","9791188007509","14980","정지은 지음","한빛라이프","20220705","18,000","16,200","900점","875","여행"
"356","여행","프로방스 여행 내 삶이 가장 빛나는 순간으로","319183929","9791191754100","03920","이재형 지음","디이니셔티브","20230701","18,500","16,650","920점","873","여행"
"357","여행","리얼 푸껫","311983085","9791190846578","14980","성혜선 지음","한빛라이프","20230307","19,000","17,100","950점","864","여행"
"358","여행","영화 속 뉴욕 산책","299392259","9791196988937","03980","정윤주 지음","hummingbird(허밍버드)","20220805","17,800","16,020","890점","851","여행"
"359","여행","빌 브라이슨 발칙한 영국산책 2","86629799","9788950962104","03840","빌 브라이슨 지음, 박여진 옮김","21세기북스","20160710","16,000","14,400","800점","846","에세이"
"360","여행","대만 산책","337484614","9791191131697","03910","류영하 지음","이숲","20240501","20,000","18,000","1,000점","841","여행"
"361","여행","스페인 예술로 걷다","181270760","9791196128982","03600","강필 지음","지식서재","20190211","17,600","15,840","880점","837","역사"
"362","여행","유럽 자동차 여행","338037841","9791167620941","","이정운 지음","꿈의지도","20240430","20,000","18,000","1,000점","827","여행"
"363","여행","신의 영혼 오로라","309556289","9791160409413","03980","권오철 글.사진, 이태형 감수","씨네21북스","20230127","24,000","21,600","1,200점","825","여행"
"364","여행","앤과 함께 프린스에드워드섬을 걷다","331628137","9791189784393","03940","김은아.김희준 지음","담다","20240121","16,800","15,120","840점","821","여행"
"365","여행","어린이의 여행법","316127040","9791191462210","03810","이지나 지음","라이프앤페이지","20230522","15,800","14,220","790점","778","에세이"
"366","여행","죽기 전에 꼭 가봐야 할 국내여행 1001","83040283","9788960533875","14980","최정규.박성원.정민용.박정현 지음","마로니에북스","20160510","43,000","38,700","2,150점","767","여행"
"367","여행","에이든 괌 여행지도","321473675","9791190073288","","타블라라사 편집부.이정기 지음","타블라라사","20230816","16,500","14,850","820점","762","여행"
"368","여행","식객 허영만의 백반기행 4","316796357","9791167780805","13980","허영만.TV조선 &lt;식객 허영만의 백반기행&gt; 제작팀 지음","가디언","20230525","17,000","15,300","850점","753","여행"
"369","여행","땅의 역사 3","276041822","9791190938822","03910","박종인 지음","상상출판","20210809","16,000","14,400","800점","729","역사"
"370","여행","오름 오름 101 트레킹 맵","324946750","9791187694267","10980","박선정 지음","미니멈","20231005","18,000","16,200","900점","726","여행"
"371","여행","건축으로 만나는 1000년 로마","31760175","9788950952105","13900","정태남 지음","21세기북스","20130928","28,000","25,200","1,400점","721","인문학"
"372","여행","주말이 기다려지는 행복한 걷기여행 : 서울.수도권","291879314","9791187936473","13980","김영록 지음","터치아트","20220410","17,000","15,300","850점","720","여행"
"373","여행","땅의 역사 4","277009102","9791167820099","03910","박종인 지음","상상출판","20210820","16,500","14,850","820점","720","역사"
"374","여행","피츠제럴드","206479110","9788950982997","04000","최민석 지음","arte(아르테)","20190906","18,800","16,920","940점","718","인문학"
"375","여행","뮌헨","186781197","9791189346034","14980","박종호 지음","풍월당","20190314","16,000","14,400","800점","712","여행"
"376","여행","동물복지 수의사의 동물 따라 세계 여행","287671810","9788997137480","03810","양효진 지음","책공장더불어","20220125","16,000","14,400","800점","697","에세이"
"377","여행","다낭 100배 즐기기","180005016","9788925565606","13980","안혜연 지음","알에이치코리아(RHK)","20190128","13,800","12,420","690점","696","여행"
"378","여행","송라인","19759294","9788932316321","03840","브루스 채트윈 지음, 김희진 옮김","현암사","20120914","17,000","15,300","850점","691","에세이"
"379","여행","태국 문방구","297273063","9791196985950","03910","이현경 지음","소장각","20220704","22,000","19,800","1,100점","688","여행"
"380","여행","인조이 시코쿠","321294221","9791166836121","13980","최미혜 지음","넥서스BOOKS","20230801","17,000","15,300","850점","684","여행"
"381","여행","2025 서울의 맛집","349171014","9788993508666","04590","블루리본 서베이 지음","BR미디어","20241007","19,000","17,100","950점","680","여행"
"382","여행","프렌즈 하노이","336701211","9788927880318","14980","안진헌 지음","중앙books(중앙북스)","20240329","16,000","14,400","800점","680","여행"
"383","여행","팔로우 나트랑ㆍ달랏ㆍ무이네","336060062","9791198269478","14980","박진주 지음","트래블라이크","20240319","16,800","15,120","840점","677","여행"
"384","여행","유럽 열 개의 길","283886804","9791168011809","03920","이상엽 지음","크루","20211210","18,500","16,650","920점","671","여행"
"385","여행","곽재구의 포구기행","177047621","9788965746737","03810","곽재구 글","해냄","20181224","17,500","15,750","870점","668","에세이"
"386","여행","프라도 미술관에서 꼭 봐야 할 그림 100","292291511","9791160808223","04600","김영숙 지음","휴머니스트","20220411","16,000","14,400","800점","665","예술/대중문화"
"387","여행","오스트리아 홀리데이","303951613","9791167620330","14980","김나성.우지경 지음","꿈의지도","20221120","18,000","16,200","900점","660","여행"
"388","여행","식객 허영만의 백반기행 2","271351168","9791189159917","14980","허영만.TV조선 &lt;식객 허영만의 백반기행&gt; 제작팀 지음","가디언","20210514","17,000","15,300","850점","655","여행"
"389","여행","지하철로 떠나는 서울 & 근교 여행","254614737","9791190927840","13980","최미선.신석교 지음","넥서스BOOKS","20201105","22,000","19,800","1,100점","651","여행"
"390","여행","떠나는 순간들","345755130","9791198290526","03810","도희서 지음","어티피컬","20240828","25,000","22,500","1,250점","650","에세이"
"391","여행","제주, 오름, 기행","118738776","9788956058269","03980","손민호 지음","북하우스","20171002","17,000","15,300","850점","649","여행"
"392","여행","Tripful 트립풀 방콕 (2024-2025)","338423387","9791191657296","14980","이지앤북스 편집부 지음","이지앤북스","20240418","16,000","14,400","800점","648","여행"
"393","여행","오늘 하루 나 혼자 일본 여행","193879487","9791186274460","03810","박혜진 지음","책읽는고양이","20190620","11,900","10,710","590점","641","여행"
"394","여행","서울특별시전도 (1:40,000) (케이스 접지-휴대용)","8542820","9788939000780","","성지문화사 편집부 지음","성지문화사","20240201","6,000","5,400","300점","636","여행"
"395","여행","[큰글자책] 김성곤의 중국한시기행 : 장강·황하 편 1","280119365","9788934903017","04800
","김성곤 지음","김영사","20210910","14,000","14,000","420점","634","인문학"
"396","여행","규슈, 이런 여행","343584233","9791172670139","03910","손일 지음, 김성환 사진, 탁한명 지도","푸른길","20240726","20,000","18,000","1,000점","623","여행"
"397","여행","한국인의 오래된 밥집을 찾아서","340562679","9791164405930","","권오찬 지음","하움출판사","20240612","17,000","15,300","850점","619","여행"
"398","여행","프렌즈 스리랑카","214310842","9788927810636","14980","김선겸 지음","중앙books(중앙북스)","20191111","18,000","16,200","900점","618","여행"
"399","여행","교과서가 쉬워지는 한국사여행","341956724","9791140714025","13980","홍수연.홍연주 지음","길벗","20240702","25,000","22,500","1,250점","616","여행"
"400","여행","배빵빵 일본 식탐여행","281570114","9788954682428","07830","타카기 나오코 지음, 채다인 옮김","문학동네","20211029","11,000","9,900","550점","616","만화"
"401","여행","저스트고 오사카·교토·고베·나라·와카야마","332270950","9791171252374","14980","원경혜.박미희 지음","시공사","20240115","21,000","18,900","1,050점","613","여행"
"402","여행","파리가 사랑한 카페","341805890","9791190118675","03810","최내경 지음","BOOKERS(북커스)","20240710","17,000","15,300","850점","611","에세이"
"403","여행","유럽 캠핑 30일","296381268","9791191095128","03920","안수지 지음","M31","20220622","18,000","16,200","900점","611","여행"
"404","여행","세상에서 가장 이기적인 봉사여행","12470323","9788965700258","03810","손보미 지음","쌤앤파커스","20110720","14,000","12,600","700점","606","에세이"
"405","여행","시간으로의 여행 이탈리아를 걷다","344555786","9788931579321","13920","정병호 지음","성안당","20240807","19,800","17,820","990점","595","여행"
"406","여행","히말라야, 내가 작아지는 즐거움","7290519","9788974795825","03810","법상 지음","불광출판사","20100705","19,000","17,100","950점","595","여행"
"407","여행","유후인 료칸 여행","341933429","9791190118682","13590","정태관.장희정 지음","BOOKERS(북커스)","20240705","18,800","16,920","940점","584","여행"
"408","여행","지리쌤과 함께하는 80일간의 세계 여행 : 아프리카. 아메리카. 오세아니아 편","128943928","9791187514145","03980","전국지리교사모임 지음","폭스코너","20180118","18,000","16,200","900점","579","여행"
"409","여행","언니들의 여행법","88167770","9788997066292","13980","최예선 외 지음","모요사","20160727","18,000","16,200","900점","579","에세이"
"410","여행","식객 허영만의 백반기행 3","294445901","9791167780430","13980","허영만.TV조선 &lt;식객 허영만의 백반기행&gt; 제작팀 지음","가디언","20220514","17,000","15,300","850점","574","여행"
"411","여행","지리산 둘레길 (2023~2024 전면 개정판, 휴대용 대형 지도 수록)","301413167","9791167620286","13980","(사)숲길 지음","꿈의지도","20220930","18,000","16,200","900점","568","여행"
"412","여행","나만의 도슨트, 루브르 박물관","303468648","9791166834066","03600","서정욱 지음","큐리어스(Qrious)","20221101","17,500","15,750","870점","561","예술/대중문화"
"413","여행","로마 홀리데이","316747977","9791167620552","14980","오한결 지음","꿈의지도","20230605","18,000","16,200","900점","557","여행"
"414","여행","루브르 박물관에서 꼭 봐야 할 그림 100","292291407","9791160808209","04600","김영숙 지음","휴머니스트","20220411","15,000","13,500","750점","556","예술/대중문화"
"415","여행","패신저, 파리","344994455","9791198244901","03920","패신저 편집팀 지음, 박재연 옮김","Pensel","20241001","25,000","22,500","1,250점","550","여행"
"416","여행","여행선언문","292070879","9791191029536","03920","이주영 지음","나비클럽","20220415","17,800","16,020","890점","548","인문학"
"417","여행","생각으로 인도하는 질문여행","102157500","9788970655598","03980","전명윤 지음, 대한항공 기획","홍익","20170210","14,800","13,320","740점","541","여행"
"418","여행","바르셀로나 홀리데이","341159648","9791167621016","14980","맹지나.오한결 지음","꿈의지도","20240625","18,000","16,200","900점","535","여행"
"419","여행","맛과 멋, 낭만의 프랑스","341101302","9791193584477","14890","자연 지음","포르체","20240619","22,000","19,800","1,100점","535","여행"
"420","여행","함경도 이야기","315678546","9788956254517","03810","김남일 지음","학고재","20230418","20,000","18,000","1,000점","531","에세이"
"421","여행","프렌즈 라오스","219605162","9788927810742","14980","안진헌 지음","중앙books(중앙북스)","20191205","14,000","12,600","700점","530","여행"
"422","여행","샬레트래블북 후쿠오카 : 유후인.벳푸.쿠로카와.나가사키","327520524","9791188652310","13910","박민주.손경아 지음, 정소현 사진","㈜샬레트래블앤라이프","20231101","18,000","16,200","900점","529","여행"
"423","여행","일상이 고고학, 나 혼자 경주 여행 2 : 만파식적편","314178646","9791192753065","03910","황윤 지음","책읽는고양이","20230412","19,900","17,910","990점","524","역사"
"424","여행","제주 세레나데","343293409","9791198821300","03980","김동익.박성희 지음","비아아트(viaart)","20240730","13,000","11,700","650점","518","에세이"
"425","여행","캐나다 로키 홀리데이","308284370","9791167620408","14980","김산환 지음, 이재혁 사진","꿈의지도","20230125","17,000","15,300","850점","515","여행"
"426","여행","오르세 미술관에서 꼭 봐야 할 그림 100","272729334","9791160806465","04600","김영숙 지음","휴머니스트","20210614","16,000","14,400","800점","512","예술/대중문화"
"427","여행","빌 브라이슨 발칙한 영국산책 (리커버 에디션)","253805287","9788950987657","03840","빌 브라이슨 지음, 김지현 옮김","21세기북스","20201015","25,000","22,500","1,250점","511","에세이"
"428","여행","뉴욕을 먹다","312747886","9791192169255","03940","김한송 지음","따비","20230310","18,000","16,200","900점","503","역사"
"429","여행","베를린 홀리데이","324175604","9791167620712","14980","유상현 지음","꿈의지도","20230920","18,000","16,200","900점","499","여행"
"430","여행","예술과 함께 유럽의 도시를 걷다","238308150","9791190641036","03600","이석원 지음","책밥","20200427","15,800","14,220","790점","497","예술/대중문화"
"431","여행","대만 가톨릭 7교구 30성지","349952087","9791157211975","03910","이경옥 지음","파랑새미디어","20241001","13,000","13,000","650점","495","여행"
"432","여행","치앙마이 반할지도","203429228","9791195592326","13980","최상희.최민 지음","해변에서랄랄라","20170417","14,000","12,600","700점","492","여행"
"433","여행","40일간의 아이슬란드 오로라 여행","320575451","9791139211894","03810","송경화 지음","지식과감성#","20230720","22,000","19,800","1,100점","487","여행"
"434","여행","내일은 오사카 와이드 (오사카·교토·나라·고베 + 와카야마)","331073559","9791188063635","","온 더 로드 지음","착한책방","20240102","20,800","18,720","1,040점","484","여행"
"435","여행","처음 떠나는 산티아고 순례길 가이드북","337046949","9791193839201","","조대현 지음","해시태그(Hashtag)","20240424","18,000","16,200","900점","481","여행"
"436","여행","빵","350485600","9791172175733","13980","가이 미노리 지음, 일본콘텐츠전문번역팀 옮김","크루","20241031","21,500","19,350","1,070점","480","여행"
"437","여행","하루의 끝, 위스키","212906627","9788997225521","03570","정보연 지음","CABOOKS(CA북스)","20191010","18,000","17,100","900점","478","요리/살림"
"438","여행","지극히 주관적인 여행 2","59672519","9788969520821","14980","이상헌 지음","경향BP","20150526","3,600","3,240","180점","474","여행"
"439","여행","산티아고 그 두 번째, 포르투갈 길","351464222","9791155923481","03810","정선종 지음","작가와비평","20241120","20,000","18,000","1,000점","470","에세이"
"440","여행","나고야 100배 즐기기","175821884","9788925565095","13980","RHK 여행연구소 엮음","알에이치코리아(RHK)","20181128","15,000","13,500","750점","470","여행"
"441","여행","52주 여행, 우리가 몰랐던 강원도 408","321451554","9791193049068","13980","김수린.김지영 지음","책밥","20230801","24,000","21,600","1,200점","467","여행"
"442","여행","무작정 따라하기 베트남 호치민.나트랑(냐짱).푸꾸옥","206411935","9791160508949","13980","김승남.전상현 지음","길벗","20190903","16,800","15,120","840점","442","여행"
"443","여행","일상이 고고학, 나 혼자 전주 여행","291832083","9791186274927","03810","황윤 지음","책읽는고양이","20220401","18,500","16,650","920점","435","역사"
"444","여행","대한민국 자동차 캠핑 가이드","284104458","9788927812708","14980","허준성.여미현.표영도 지음","중앙books(중앙북스)","20211206","20,000","18,000","1,000점","433","여행"
"445","여행","아이슬란드 트래블 스팟 45 (미니 포켓북)","341792651","9788967822170","00920","권호영 지음","푸른향기","20240626","9,800","8,820","490점","426","여행"
"446","여행","캠핑을 100% 즐기는 100가지 방법","297673883","9791157855780","13980","FIGINC 지음, 이소담 옮김","참좋은날","20220705","14,000","12,600","700점","426","여행"
"447","여행","오름 오름","256360340","9791187694182","13980","박선정 지음","미니멈","20201120","21,000","18,900","1,050점","421","여행"
"448","여행","옥시아나로 가는 길","336592887","9791193166499","03840","로버트 바이런 지음, 민태혜 옮김","생각의힘","20240405","26,000","23,400","1,300점","417","인문학"
"449","여행","샬레트래블북 아이슬란드","319612968","9791188652266","13920","김문희.강승희 지음, 정소현 사진","㈜샬레트래블앤라이프","20230703","18,000","16,200","900점","411","여행"
"450","여행","느긋하게 걸어라 (미니북)","38987160","9788963601304","03230","조이스 럽 지음, 윤종석 옮김","복있는사람","20140324","8,000","7,200","400점","410","종교/역학"
"451","여행","청춘남녀, 백년 전 세상을 탐하다","7040271","9788996253761","03980","정구원.최예선 지음","모요사","20100528","18,500","16,650","920점","410","여행"
"452","여행","절집 오르는 마음","303773432","9791190710503","03810","최예선 지음","앤의서재","20221101","19,800","17,820","990점","407","인문학"
"453","여행","인조이 중미 : 멕시코·과테말라·쿠바·코스타리카","334196187","9791166837982","13980","박재영 지음","넥서스BOOKS","20240305","22,000","19,800","1,100점","406","여행"
"454","여행","언니들의 여행법 2","171194840","9788997066391","13980","최예선 외 지음","모요사","20181022","18,000","16,200","900점","404","에세이"
"455","여행","사찰에 깃든 문학","344481469","9788920050633","03810","손종흠 지음","지식의날개(방송대출판문화원)","20240731","22,000","19,800","1,100점","400","종교/역학"
"456","여행","52주 여행, 우리가 사랑한 대한민국 762","343666232","9791193049501","13980","김미경 외 지음","책밥","20240801","28,000","25,200","1,400점","400","여행"
"457","여행","뚜르 드 몽블랑 360","270743974","9788976682611","13980","백민섭 지음","신구문화사","20210420","20,000","19,000","600점","399","여행"
"458","여행","모든 국적의 친구","87360231","9788954641722","03810","김이듬 지음, 위성환 사진","난다","20160715","14,000","12,600","700점","395","에세이"
"459","여행","러시아에서는 여행이 아름다워진다","338991936","9791169106481","03810","이지영 지음","미다스북스","20240517","22,000","19,800","1,100점","394","에세이"
"460","여행","퐁당, 시칠리아","215609827","9788926896808","13810","윤정인 지음","이담북스","20191104","16,000","14,400","800점","387","여행"
"461","여행","자전거와 카약으로 2만 km를 달려간 남자","171870677","9788958611783","13980","이준규 지음","청년정신","20181030","13,800","12,420","690점","384","에세이"
"462","여행","어느 중년의 일상 탈출 고백서","248905763","9791189550240","03840","하이디 엘리어슨 지음, 이길태 옮김","탐나는책","20200831","5,000","4,500","250점","383","에세이"
"463","여행","선생님, 또 어디 가요?","220742310","9791188874477","03810","박동한 지음","휴먼큐브","20191216","15,000","13,500","750점","381","여행"
"464","여행","너도 떠나보면 나를 알게 될 거야","178355084","9791158160111","03940","김동영 지음","달","20180320","14,000","12,600","700점","378","에세이"
"465","여행","고흐의 집을 아시나요?","13062291","9788993912562","03650","최내경 지음","청어람장서가(장서가)","20110901","12,500","11,250","620점","378","예술/대중문화"
"466","여행","모파상의 시칠리아","7335851","9788976821140","04800","기 드 모파상 지음, 어순아 옮김","그린비","20100710","3,300","2,970","160점","378","에세이"
"467","여행","실크로드의 마지막 카라반","2437492","9788956451336","03980","아리프 아쉬츠 지음, 김문호 옮김","일빛","20080810","15,000","13,500","750점","376","에세이"
"468","여행","문학이 좋다 여행이 좋다","297679031","9791186732601","03980","세라 백스터 지음, 에이미 그라임스 그림, 이정아 옮김","올댓북스","20220707","19,000","17,100","950점","373","여행"
"469","여행","이제서야 보이는 런던의 뮤지엄","314174240","9791196607784","13980","윤상인 지음","트래블코드","20230403","18,800","16,920","940점","369","여행"
"470","여행","프라하 홀리데이","314444034","9791167620514","14980","맹지나.김준완 지음","꿈의지도","20230425","17,000","15,300","850점","365","여행"
"471","여행","유럽 도자기 여행 : 동유럽 편","264064457","9791185330969","03900","조용준 지음","도도(도서출판)","20210222","22,000","19,800","1,100점","364","인문학"
"472","여행","지리쌤과 함께하는 우리나라 도시 여행 3","251008262","9791187514503","03980","전국지리교사모임 지음","폭스코너","20200915","18,500","16,650","920점","364","사회과학"
"473","여행","해외로 도망친 철없는 신혼부부","321465980","9791198375124","03810","이다희 지음","얼론북","20230807","16,800","15,120","840점","363","에세이"
"474","여행","일본 도자기 여행 : 에도 산책","143092989","9791185330495","13980","조용준 지음","도도(도서출판)","20180425","20,000","18,000","1,000점","363","예술/대중문화"
"475","여행","나는 계속 걷기로 했다","135552839","9788958205166","03810","거칠부 지음","궁리","20180323","18,000","16,200","900점","363","에세이"
"476","여행","지금, 가오슝","216737889","9791161658124","13980","김도연 지음","플래닝북스","20191120","12,000","10,800","600점","361","여행"
"477","여행","중년부부의 이탈리아, 프랑스 한 달 배낭여행","335584487","9791193879139","03980","임규수 지음","바른북스","20240301","17,000","15,300","850점","358","여행"
"478","여행","저스트고 베트남","313738501","9791169256292","14980","김낙현 지음","시공사","20230324","18,000","16,200","900점","355","여행"
"479","여행","인조이 스페인.포르투갈","173380825","9791189432645","13980","문은정.김지선 지음","넥서스BOOKS","20181205","17,000","15,300","850점","354","여행"
"480","여행","영화가 좋다 여행이 좋다","327503901","9791186732687","03980","세라 백스터 지음, 에이미 그라임스 그림, 최지원 옮김","올댓북스","20231023","19,500","17,550","970점","353","여행"
"481","여행","이태준 전집 6 : 쏘련기행 중국기행 외","60875720","9791186356241","04810","이태준 지음, 상허학회 엮음","소명출판","20150610","22,000","19,800","1,100점","348","에세이"
"482","여행","파리 도시건축의 역사","319850333","9791158904876","93600","임석재 지음","이화여자대학교출판문화원","20230705","30,000","30,000","900점","341","예술/대중문화"
"483","여행","프라하에서 한 달 살기","229059708","9791196845384","13980","사라 지음","책밥","20200127","17,000","15,300","850점","339","여행"
"484","여행","한복, 여행하다","114482763","9788967820572","03980","권미루 지음","푸른향기","20170808","15,000","13,500","750점","339","여행"
"485","여행","제주공부노트","324713406","9791198094902","03910","정둘 지음","소랑출판사","20230320","11,000","9,900","550점","335","여행"
"486","여행","올레꾼이 쓴 제주올레길","321931497","9791138820639","03980","고상선 지음","좋은땅","20230810","25,000","22,500","1,250점","335","여행"
"487","여행","다시, 서쪽으로 가다","312155543","9791190920315","13940","오남수 지음","브.레드(b.read)","20230305","18,000","16,200","900점","333","여행"
"488","여행","포르투갈에 물들다","278980035","9791196947330","04900","박영진 지음","일파소","20210923","16,800","15,120","840점","333","여행"
"489","여행","서울의 시간을 그리다","199186646","9788954657044","03600","이장희 지음","문학동네","20190719","22,000","19,800","1,100점","332","예술/대중문화"
"490","여행","전라도 섬맛기행","202959764","9788950982638","04900","강제윤 지음","21세기북스","20190819","16,800","15,120","840점","331","요리/살림"
"491","여행","길이 고운 절집","39819804","9788928505982","03660","한선영 글.사진","민속원","20140405","25,000","25,000","1,250점","331","여행"
"492","여행","Cafe 145","317539626","9791191553574","13980","내계절 지음","알비","20230525","18,500","16,650","920점","328","여행"
"493","여행","걷기를 생각하는 걷기","273203123","9791196281243","03850
","울리 하우저 지음, 박지희 옮김","두시의나무","20210622","16,000","14,400","800점","324","에세이"
"494","여행","한 달이라도 좋아, 보홀이라면!","342922395","9791169107402","03810","박효천.윤지후 지음","미다스북스","20240724","19,000","17,100","950점","318","에세이"
"495","여행","MK에디션 시골의 재발견 치유농업","338997745","9791164846832","03320","김정환 외 지음","매일경제신문사","20240504","20,000","18,000","1,000점","316","여행"
"496","여행","저스트 고 시애틀 포틀랜드","199679324","9788952707864","14980","김주영 지음","시공사","20190725","17,000","15,300","850점","314","여행"
"497","여행","예술이 좋다 여행이 좋다","297679100","9791186732618","03980","수지 호지 지음, 에이미 그라임스 그림, 최지원 옮김","올댓북스","20220707","19,000","17,100","950점","311","여행"
"498","여행","중국 남방도시 여행","293692962","9791168610200","03910","이중희 지음","산지니","20220314","20,000","18,000","1,000점","309","여행"
"499","여행","한경트렌드 틈틈이 가족여행","296801668","9791192522050","92320","정상미 외 지음, 이효태 사진","한국경제신문","20220704","16,000","14,400","800점","308","여행"
"500","여행","수원을 걷는 건, 화성을 걷는 것이다","168874670","9791188862115","03810","김남일 지음","난다","20180919","14,000","12,600","700점","305","에세이"
"501","여행","60대 부부의 포르투갈 한 달 살기","324962082","9791193341360","03920","김영화 지음","바른북스","20230920","20,000","18,000","1,000점","301","여행"
"502","여행","한국도로관광지도","350443350","9788969010421","13980","영진문화사 편집부 엮음","영진문화사","20241001","5,000","4,500","250점","300","여행"
"503","여행","트레일 러너","244855792","9791188829163","03980","안병식 지음","디스커버리미디어","20200720","16,500","14,850","820점","300","여행"
"504","여행","고티에의 상트페테르부르크","18228705","9788976821522","04800","테오필 고티에 지음, 심재중 옮김","그린비","20120720","3,300","2,970","160점","300","에세이"
"505","여행","해시태그 폴란드","340341227","9791193839386","03960","조대현 지음","해시태그(Hashtag)","20240531","18,900","17,010","940점","299","여행"
"506","여행","바닐라빛 하늘 아래 푸꾸옥에서","338763482","9791198308177","03910","이지상 지음","북서퍼","20240520","16,800","15,120","840점","299","여행"
"507","여행","사찰기행","337847875","9788978641357","03810","권혁진 지음","산책(도서출판)","20240405","18,000","16,200","900점","293","역사"
"508","여행","모리셔스 홀리데이","313173792","9791167620507","14980","양인선 지음","꿈의지도","20230403","17,000","15,300","850점","293","여행"
"509","여행","내가 사랑한 파리의 작은 미술관","351985488","9791171992706","03980","신정아 지음","한국외국어대학교출판부 지식출판원(HUINE)","20241101","18,000","17,100","900점","290","에세이"
"510","여행","현지에서 바로 쓰는 시원스쿨 여행 베트남어 (스프링)","301554186","9791161503158","13730","시원스쿨 베트남어연구소 지음","시원스쿨닷컴","20200302","11,500","10,350","570점","288","외국어"
"511","여행","해시태그 가고시마","343746265","9791193839621","03910","조대현 지음","해시태그(Hashtag)","20240726","16,700","15,030","830점","280","여행"
"512","여행","샌프란시스코 홀리데이 (2019~2020년 개정판, 휴대용 전도)","171690711","9791189469078","14980","이미랑 지음","꿈의지도","20181029","15,000","13,500","750점","276","여행"
"513","여행","남미여행 그리고 남미이야기","348505405","9791194198338","03950","이영철 지음","신아출판사(SINA)","20240920","18,000","16,200","900점","275","여행"
"514","여행","로마로 가는 길","298788312","9791197908248","03920","김혜지 지음","책구름","20220730","21,000","18,900","1,050점","273","여행"
"515","여행","이스탄불","2438286","9788990449467","04910","이희철 지음","리수","20080811","14,500","13,050","720점","273","인문학"
"516","여행","이탈리아 남부 기행","87162788","9788950965679","13810","민혜련 지음","21세기북스","20160714","18,000","16,200","900점","265","여행"
"517","여행","탐식 기행, 소울푸드를 만나다","326928877","9791168611788","03590","최원준 지음","산지니","20231020","20,000","18,000","1,000점","264","여행"
"518","여행","자동차로 떠나는 미국 서부 가족여행","184206140","9791162995501","03940","김영 지음","북랩","20190227","15,800","14,220","790점","262","여행"
"519","여행","인조이 오사카 : 교토.고베.나라","350907307","9791166833052","13980","세계여행정보센터 지음","넥서스BOOKS","20241105","19,000","17,100","950점","260","여행"
"520","여행","무심히 인도","294614283","9791186274934","","하진희 지음","책읽는고양이","20220510","22,000","19,800","1,100점","258","인문학"
"521","여행","해시태그 아이슬란드","347062182","9791193839737","03920","조대현 지음","해시태그(Hashtag)","20240927","18,900","17,010","940점","255","여행"
"522","여행","샬레트래블북 스위스","322443467","9791188652297","13920","김문희 지음, 정소현 사진","㈜샬레트래블앤라이프","20230821","18,000","16,200","900점","253","여행"
"523","여행","퇴근 후, 동네 책방","236489364","9791186173763","03810","구선아 지음","리얼북스","20200325","13,000","11,700","650점","253","에세이"
"524","여행","인조이 파리","305341164","9791166834264","13980","김지선.문은정 지음","넥서스BOOKS","20230102","18,000","16,200","900점","252","여행"
"525","여행","대한민국 섬 여행 가이드","281016186","9788927812555","14980","이준휘 지음","중앙books(중앙북스)","20211008","20,000","18,000","1,000점","251","여행"
"526","여행","독일, 여행의 시작","34190170","9791155500293","03600","정기호 지음","사람의무늬","20131216","15,000","13,500","750점","250","여행"
"527","여행","우리가 몰랐던 울릉도, 1882년 여름","197946341","9791189113025","03910","김도훈.박시윤 지음","디앤씨북스","20190712","17,000","15,300","850점","248","역사"
"528","여행","동유럽-CIS 역사 기행","68646565","9788976822420","03810","유재현 지음","그린비","20151020","23,900","22,710","710점","248","역사"
"529","여행","날마다 제주","173912910","9788998432508","13980","안솔 지음, 김영권 사진","인사이트북스","20181114","15,000","13,500","750점","247","여행"
"530","여행","미술관의 탄생","65566798","9788970598208","03600","함혜리 글.사진","컬처그라퍼","20150828","15,000","13,500","750점","246","예술/대중문화"
"531","여행","섬문화 답사기 : 신안 편","18461668","9788964940730","94900","김준 지음","서책","20120725","15,000","13,500","750점","244","역사"
"532","여행","슈퍼마켓 VOL.2 : 하와이 빅아일랜드","249192205","9791196474997","14980","슈퍼마켓 편집부 지음","케이스스터디","20200727","18,000","16,200","900점","242","여행"
"533","여행","가지 마, 제발! 코카서스","352306943","9791198579812","03920","박민우 지음","박민우(도서출판)","20241118","19,000","17,100","950점","240","에세이"
"534","여행","7일간의 모스크바 여행","345984187","9791198687647","03920","강평기 지음","아르바트","20240902","23,800","21,420","1,190점","240","여행"
"535","여행","에어비앤비 체험 호스트 가이드","250373428","9791157831982","03320","정민제 지음","e비즈북스","20200929","16,500","14,850","820점","238","경제경영"
"536","여행","인조이 스위스","192165037","9791190032155","13980","맹지나 지음","넥서스BOOKS","20190520","17,000","15,300","850점","235","여행"
"537","여행","와인 인문학 : 프랑스 편 1~2 세트 - 전2권","342754123","9791197647840","","배영달 지음","라이릿(lightit)","20240712","53,000","50,350","2,650점","234","여행"
"538","여행","인조이 프라하 : 보헤미아·모라비아","318782453","9791166835841","13980","문은정.김지선 지음","넥서스BOOKS","20230625","18,000","16,200","900점","234","여행"
"539","여행","도쿄의 밤은 빨리 찾아온다","126023811","9791196152468","03810","고운기 지음","난다","20171130","14,800","13,320","740점","232","에세이"
"540","여행","서울특별시전도 코팅 (후면 - 입체형 수도권도로지도 코팅)","57205747","9788987163864","13980","영진문화사 편집부 엮음","영진문화사","20140827","12,000","10,800","600점","231","여행"
"541","여행","파리시간여행","351995194","9791191609929","03920","김지영 지음","한국NCD미디어","20241111","27,000","25,650","810점","230","여행"
"542","여행","해시태그 이탈리아 알프스 & 북부","348220373","9791193839799","03920","조대현.신영아 지음","해시태그(Hashtag)","20240930","17,500","15,750","870점","230","여행"
"543","여행","해시태그 폴란드 한 달 살기","345875853","9791193839713","03960","조대현 지음","해시태그(Hashtag)","20240924","18,900","17,010","940점","230","여행"
"544","여행","한국의 지질공원","124555576","9788993746358","13980","박경화.국가지질공원 지음, 정가애 그림, 이기욱 감수","북센스","20171122","13,000","11,700","650점","230","여행"
"545","여행","리얼 크루즈 여행","208387621","9791188572144","03980","기다용 지음","참(도서출판)","20191007","20,000","18,000","1,000점","228","여행"
"546","여행","오래된 집에 머물다","114916460","9791187795339","03810","박다비 지음","상상출판","20170809","12,000","10,800","600점","228","에세이"
"547","여행","뮈세의 베네치아","7335916","9788976821157","04800","알프레드 드 뮈세 지음, 이찬규.이주현 옮김","그린비","20100710","3,300","2,970","160점","228","에세이"
"548","여행","그럴땐 몰타","208995680","9791195508730","13980","이세영 글.사진","상상력놀이터","20190818","16,000","14,400","800점","222","여행"
"549","여행","발리보다 인도네시아","141122208","9791196189778","03910","김무환 지음","휴앤스토리","20180406","14,800","13,320","740점","222","여행"
"550","여행","건축가 엄마의 느림여행","39015964","9788993174441","13980","최경숙 지음","맛있는책","20140401","17,000","15,300","850점","220","여행"
"551","여행","힐링 몽골","343606534","9791198833006","03910","류윤엽 지음","핸뉴북스","20240725","18,000","16,200","900점","218","여행"
"552","여행","독일, 프랑스, 이탈리아 역사산책 1","199997590","9791162997765","04920","이기성 지음","북랩","20190724","15,800","14,220","790점","214","역사"
"553","여행","더 가까이 나미비아","78867639","9788925558776","13980","남인근 글.사진","알에이치코리아(RHK)","20160311","13,000","11,700","650점","212","여행"
"554","여행","아름다운 인연으로 만나다 미얀마","31440420","9788998205164","03910","차장섭 글.사진","역사공간","20130820","24,000","21,600","1,200점","212","여행"
"555","여행","해시태그 모로코","352960413","9791193839942","03920","조대현 지음","해시태그(Hashtag)","20241127","18,900","17,010","940점","210","여행"
"556","여행","해시태그 동유럽 4개국 (독일, 체코, 오스트리아, 헝가리)","352959576","9791193839966","03920","조대현 지음","해시태그(Hashtag)","20241221","21,700","19,530","1,080점","210","여행"
"557","여행","해시태그 한 달 살기 가이드북","352958989","9791193839935","03920","조대현.신영아 지음","해시태그(Hashtag)","20241129","18,900","17,010","940점","210","여행"
"558","여행","해시태그 유럽 3개국 (스페인, 프랑스, 독일)","352958981","9791193839959","03920","조대현 지음","해시태그(Hashtag)","20241127","20,900","18,810","1,040점","210","여행"
"559","여행","지금, 오사카","333691151","9791166837111","13980","오상용.성경민 지음","플래닝북스","20240215","17,000","15,300","850점","210","여행"
"560","여행","실크로드","173727701","9791188434077","03840","콜린 더브런 지음, 황의방 옮김","마인드큐브","20181119","19,800","17,820","990점","209","인문학"
"561","여행","자전거로 떠나는 일본여행","187568854","9791186587751","03910","김동영 글.사진","보물섬","20190304","19,800","17,820","990점","202","여행"
"562","여행","거기서 나는 죽어도 좋았다","302190169","9791192509099","03810","김병종 지음","너와숲","20221010","18,000","16,200","900점","201","에세이"
"563","여행","해시태그 호치민 & 나트랑, 무이네, 달랏, 푸꾸옥","335165154","9791193839072","03920","조대현 지음","해시태그(Hashtag)","20240415","21,000","18,900","1,050점","197","여행"
"564","여행","퇴근 후, 책방 여행","262369755","9791186173978","03810","이연주 지음","리얼북스","20210122","13,500","12,150","670점","197","에세이"
"565","여행","주말여행 버킷리스트 99","235276561","9788952762160","13980","김혜영 지음","시공사","20200310","19,800","17,820","990점","196","여행"
"566","여행","여행의 민낯","344718964","9791172174682","13980","김현주 지음","이담북스","20240809","17,000","15,300","850점","190","여행"
"567","여행","느린 시간의 흐름, 멕시코","165978945","9788998417390","13980","홍지선 지음","나무자전거","20180910","13,500","12,150","670점","189","여행"
"568","여행","길 있는 길","343918967","9791159796968","03980","손상률 지음","세종출판사(이길안)","20240726","20,000","18,000","1,000점","185","에세이"
"569","여행","에드몽 아부의 오리엔트 특급","7372283","9788976821164","04900","에드몽 아부 지음, 박아르마 옮김","그린비","20100710","3,300","2,970","160점","185","에세이"
"570","여행","소근소근 프로방스 이야기","251774277","9791189930530","03920","김정희 지음","하모니북","20200925","16,500","14,850","820점","183","여행"
"571","여행","섬문화 답사기 : 울릉 부산 거제 사천 남해 편","338140027","9788964946848","04900","김준 지음","보누스","20240425","28,000","25,200","1,400점","182","역사"
"572","여행","산티아고 라이프스타일","305592812","9791166834356","03810","전승연 지음","넥서스BOOKS","20221208","17,500","15,750","870점","182","여행"
"573","여행","그 겨울, 바르샤바","216181130","9791189249243","03810","이지예 지음","빈티지하우스","20191122","14,000","12,600","700점","182","에세이"
"574","여행","지리교사의 서울 도시 산책 : 역사 보전의 공간","105649346","9788962913835","03980","이두현 지음","푸른길","20170403","15,000","13,500","750점","182","역사"
"575","여행","아는동네 아는인천 1","221714699","9791190139021","13980","어반플레이 지음","어반플레이(URBANPLAY)","20191216","15,000","13,500","750점","180","여행"
"576","여행","독일, 프랑스, 이탈리아 역사산책 2","200003048","9791162997789","04920","이기성 지음","북랩","20190724","15,800","14,220","790점","179","역사"
"577","여행","삶의 어느 순간, 걷기로 결심했다","257290778","9788993690774","03810","황상호 엮음, 정 인걸 줄리엔.김희남 기획","이상북스","20201210","17,000","15,300","850점","177","여행"
"578","여행","해시태그 프라하 & 체코","343852538","9791193839577","","조대현 지음","해시태그(Hashtag)","20240807","18,000","16,200","900점","175","여행"
"579","여행","경주 남산 사진으로 읽다","173062355","9791196107642","03810","박명순 지음, 박근재 사진","한생각","20181101","22,000","19,800","1,100점","175","역사"
"580","여행","세계지도 한글판 지세도 (케이스 접지-휴대용)","6636264","9788939003507","13980","성지문화사 편집부 엮음","성지문화사","20220101","7,000","6,300","350점","173","여행"
"581","여행","틈틈이 런던 A-Z","243999202","9791187096078","12910","조인숙.김민소 지음","버튼티","20200702","8,000","7,200","400점","172","여행"
"582","여행","그들을 만나러 간다 바르셀로나","86523909","9788992914925","04980","볼프하르트 베르크 지음, 장혜경 옮김","터치아트","20160810","12,000","10,800","600점","172","역사"
"583","여행","천국 보다 태국","327008713","9791197890536","03810","방멘 지음","방","20231013","11,000","9,900","550점","170","여행"
"584","여행","한국도로 안내지도 (1:150,000)","341158912","9788987060170","","삼보기획 편집부 엮음","삼보기획","20240401","30,000","27,000","1,500점","168","여행"
"585","여행","제주도전도 (케이스 접지/휴대용) : 양면(축척 1:100,000, 1:25,000)","500942","9788939001060","","성지문화사 편집부 지음","성지문화사","20220601","7,000","6,300","350점","167","여행"
"586","여행","세계 관광 트렌드 인사이트: 뜨는 관광에는 이유가 있다","349678774","9791189852214","03980","한국관광공사 지음","그래비티북스","20240724","22,000","19,800","1,100점","165","여행"
"587","여행","베트남 100배 즐기기","212903590","9788925566900","13980","허유리 지음","알에이치코리아(RHK)","20191022","16,000","14,400","800점","165","여행"
"588","여행","맥주 한잔, 유럽 여행","221689476","9788926897324","13980","권경민 지음","이담북스","20191210","16,000","14,400","800점","161","여행"
"589","여행","해시태그 드디어 떠나는 산티아고 순례길 가이드북","352588249","9791193839928","03920","조대현 지음","해시태그(Hashtag)","20241127","18,900","17,010","940점","160","여행"
"590","여행","해시태그 나트랑 & 무이네, 달랏","352588155","9791193839898","03910","조대현 지음","해시태그(Hashtag)","20241128","18,900","17,010","940점","160","여행"
"591","여행","해시태그 동유럽 자동차 여행","352588091","9791193839904","03920","조대현 지음","해시태그(Hashtag)","20241126","18,900","17,010","940점","160","여행"
"592","여행","난생 처음 페루","160007940","9791160021394","13980","남기성 지음","메이트북스","20180820","15,000","13,500","750점","156","여행"
"593","여행","파리 역사기행","28137963","9788927804529","04920","로랑 도이치 지음, 이훈범 옮김","중앙books(중앙북스)","20130625","16,800","15,120","840점","147","인문학"
"594","여행","해시태그 동남아 한 달 살기","350619019","9791193839874","03920","조대현 지음","해시태그(Hashtag)","20241025","21,000","18,900","1,050점","145","여행"
"595","여행","나는 나를 여행한다","281637338","9791189654221","","나카노 시호코.이소나가 아키코. 오오치 코우키 지음","새벽고양이","20211020","10,000","10,000","0점","145","여행"
"596","여행","배낭 메고 떠나는 아프리카의 숨은 보석 나미비아","80963887","9791155859643","03930","남기성 지음","북랩","20160331","13,800","12,420","690점","145","여행"
"597","여행","남미, 내 인생에 딱 한번","329026196","9791155552100","","서대원 지음","이지출판","20231125","23,500","21,150","1,170점","143","여행"
"598","여행","잇대고 잇대어 일어서는 바람아","271617752","9791189113094","03810","박시윤 지음","디앤씨북스","20210515","17,000","15,300","850점","143","역사"
"599","여행","푸른 바다에서 건져 올린 통영의 맛","352378354","9791169296267","03810","김장주 지음","페스트북","20241120","17,000","15,300","850점","140","여행"
"600","여행","공강일이 되면, 지도를 펼칩니다.","350422325","9791141959098","03810","강정훈 지음","부크크(bookk)","20241010","24,500","24,500","0점","140","여행"
"601","여행","유스티노 신부의 치유의 순례기 2","348959589","9791187895503","03980","김평만 지음","예지(Wisdom)","20240929","20,000","18,000","1,000점","140","여행"
"602","여행","러시아 그림노트","208926368","9791187694083","03980","김병진 지음","미니멈","20191010","22,000","19,800","1,100점","139","에세이"
"603","여행","아름답고 신비한 산사 답사기","171920807","9791160050578","03910","이종호 지음","북카라반","20181026","18,000","16,200","900점","137","역사"
"604","여행","세계의 전쟁 유적지를 찾아서 1 : 서유럽·북유럽","256589831","9791187861416","04980","신종태 지음","청미디어","20201110","18,000","16,200","900점","133","여행"
"605","여행","Colors of Arirang","110569981","9791155550670","03900","이정면.류승호.서용순 지음, 류승률 사진","이지출판","20170605","20,000","18,000","1,000점","133","여행"
"606","여행","울산 포구기행","71744606","9791185448244","03810","고은희 지음","수필세계","20151130","15,000","13,500","750점","132","에세이"
"607","여행","세계의 전쟁 유적지를 찾아서 3 : 중동·태평양·대양주·아시아","256590150","9791187861430","04980","신종태 지음","청미디어","20201110","18,000","16,200","900점","130","여행"
"608","여행","주련","270313349","9788958612060","03810","제운 옮김, 양근모 사진","청년정신","20210501","19,000","17,100","950점","128","에세이"
"609","여행","세계의 전쟁 유적지를 찾아서 2 : 동유럽·남유럽·북아프리카","256590095","9791187861423","04980","신종태 지음","청미디어","20201110","18,000","16,200","900점","127","여행"
"610","여행","죽기 전에 꼭 가봐야 할 세계 레스토랑 1001","68490688","9788960533752","04590","제니 린포드 외 지음, 박성연 외 옮김","마로니에북스","20151020","43,000","38,700","2,150점","126","여행"
"611","여행","후회 없이 사랑했던, 카렌 블릭센을 만나다","238425456","9788926899137","03990","김해선 지음","이담북스","20200501","16,000","14,400","800점","123","여행"
"612","여행","지리교사의 서울 도시 산책 : 미래 창조의 공간","164272729","9788962914498","03980","이두현 지음","푸른길","20180908","16,000","14,400","800점","122","역사"
"613","여행","지리교사의 서울 도시 산책 : 도시 재생의 공간","201754113","9788962918113","03980","이두현 지음","푸른길","20190810","18,000","16,200","900점","121","역사"
"614","여행","해시태그 베트남 남부","345728449","9791193839676","03920","조대현.김경진 지음","해시태그(Hashtag)","20240902","18,900","17,010","940점","120","여행"
"615","여행","여행, 인생을 유혹하다","28423759","9788997740086","03900","이석연 지음","까만양","20130710","15,000","13,500","750점","120","역사"
"616","여행","제주 걷기, 한라산의 길","290896013","9791187091189","13980","고수향 지음","오후의책","20220320","16,000","14,400","800점","116","여행"
"617","여행","프렌즈 온더 로드","14186724","9788991209282","03800","김젬마 지음","하이비전","20111207","15,000","13,500","750점","116","여행"
"618","여행","바울을 찾아가다 만난 지중해 섬들","109690781","9788951118654","03230","조광호 지음","대한기독교서회","20170510","25,000","22,500","1,250점","113","종교/역학"
"619","여행","몽블랑, 하늘로 가는 길목","221771241","9788994893334","03800","이필형 지음","실크로드","20191224","15,000","13,500","750점","109","여행"
"620","여행","해시태그 나트랑 & 무이네, 달랏, 호치민, 푸꾸옥","337065057","9791193839089","","조대현.김경진 지음","해시태그(Hashtag)","20240415","21,000","18,900","1,050점","108","여행"
"621","여행","59일간의 서해랑길 도보여행기 2","341522107","9791172241445","03810","김명돌 지음","북랩","20240618","19,800","17,820","990점","103","에세이"
"622","여행","해시태그 알프스 5개국 자동차 여행","350905672","9791193839836","03920","조대현.신영아 지음","해시태그(Hashtag)","20241101","18,900","17,010","940점","100","여행"
"623","여행","오사카는 기꺼이 서서 마신다","260036847","9791196601904","","박찬일 지음","모비딕북스","20190131","18,000","16,200","900점","100","여행"
"624","여행","해시태그 체코","338613770","9791193839287","03920","조대현 지음","해시태그(Hashtag)","20240513","18,000","16,200","900점","99","여행"
"625","여행","이집트","259683461","9791165525927","03810","김미순.성예현 지음","지식과감성#","20201228","15,000","13,500","750점","93","여행"
"626","여행","캄보디아 전국일주 버킷리스트 25","352217697","9788974829414","03910","김우택 지음","문예림","20241115","29,800","26,820","1,490점","90","여행"
"627","여행","인도차이나","346686362","9791139220155","03810","태원용 지음","지식과감성#","20240824","16,700","15,030","830점","90","여행"
"628","여행","충무공과 함께 걷는 남파랑길 이야기 1","302957012","9791168364691","04810","김명돌 지음","북랩","20221011","19,800","17,820","990점","86","여행"
"629","여행","취재남, 감성녀","284485990","9788998079451","03910","정학구.이수경 지음","해피북미디어","20211213","20,000","18,000","1,000점","86","역사"
"630","여행","왕들의 길, 다산의 꿈 조선 진경 남양주","242744978","9791185521794","04910","황호택.이광표 지음","컬처룩","20200620","22,000","22,000","1,100점","86","역사"
"631","여행","홋카이도 다이어리","343311515","9791141091194","","조영상 지음","부크크(bookk)","20240625","14,400","14,400","0점","80","여행"
"632","여행","제주 한 달 살기","275502583","9791191181647","03800","송영범 지음","보민출판사","20210713","13,000","11,700","650점","78","여행"
"633","여행","까미노 여행 스케치","242924560","9791197007026","03920","이레이다 지음","전기장판","20200608","17,500","15,750","870점","77","여행"
"634","여행","대전여지도 3 : 유성구편","348987801","9791191651249","03800","이용원 지음","월간토마토","20241007","20,000","18,000","1,000점","75","여행"
"635","여행","대구 독립운동유적 120곳 답사여행 3","346919415","9791188701582","03910","정만진 지음","국토","20240902","18,000","16,200","900점","75","역사"
"636","여행","오랜 인연의 미래, 인도네시아","333998464","9791190440745","03910","이정화 지음, (사)인문사회연구소 기획","코뮤니타스","20231229","18,000","16,200","900점","75","역사"
"637","여행","길 위의 이냐시오","209013199","9788986752717","03230","김민회 지음","예수회후원회","20190711","8,000","8,000","400점","68","에세이"
"638","여행","김창렬의 전국일주 마라톤 기행","52517564","9788976682086","03810","김창렬 지음","신구문화사","20150202","15,000","13,500","750점","65","에세이"
"639","여행","한국 해외문화유적 답사비평 (개정.증보)","198229488","9791196749408","03810","최근식 지음","문명비평사","20190705","19,800","17,820","990점","64","역사"
"640","여행","길 위에서 나를 찾다","352412078","9791167461568","03810","윤재환 지음","경남","20241112","20,000","18,000","1,000점","60","여행"


,,좋은 책을 고르는 방법, 알라딘!! www.aladin.co.kr,,,,,,,,,,,